[Header],,,,,,,,,
IEMFileVersion,4,,,,,,,,
Experiment Name,MiSeq_Nextera_DNA_Flex_E-coli_B-cereus_R-sphaeroides,,,,,,,,
Date,9/15/2017,,,,,,,,
Workflow,GenerateFASTQ,,,,,,,,
Application,FASTQ Only,,,,,,,,
Assay,Nextera DNA Flex,,,,,,,,
Description,MSv3 DIPE 151_8 TrimNextera 12pM 1% PhiX,,,,,,,,
Chemistry,Amplicon,,,,,,,,
,,,,,,,,,
[Reads],,,,,,,,,
151,,,,,,,,,
151,,,,,,,,,
,,,,,,,,,
[Settings],,,,,,,,,
ReverseComplement,0,,,,,,,,
Adapter,CTGTCTCTTATACACATCT,,,,,,,,
,,,,,,,,,
[Data],,,,,,,,,
Sample_ID,Sample_Name,Sample_Plate,Sample_Well,I7_Index_ID,index,I5_Index_ID,index2,Sample_Project,Description
E-coli_1ng_input-rep01,E-coli_1ng_input-rep01,,,H711,AAGAGGCA,H513,TCGACTAG,MiSeq_Nextera_DNA_Flex_E-coli_B-cereus_R-sphaeroides,
E-coli_1ng_input-rep02,E-coli_1ng_input-rep02,,,H714,GCTCATGA,H510,CGTCTAAT,MiSeq_Nextera_DNA_Flex_E-coli_B-cereus_R-sphaeroides,
E-coli_1ng_input-rep03,E-coli_1ng_input-rep03,,,H703,AGGCAGAA,H517,GCGTAAGA,MiSeq_Nextera_DNA_Flex_E-coli_B-cereus_R-sphaeroides,
E-coli_100ng_input-rep04,E-coli_100ng_input-rep04,,,H701,TAAGGCGA,H506,ACTGCATA,MiSeq_Nextera_DNA_Flex_E-coli_B-cereus_R-sphaeroides,
E-coli_100ng_input-rep05,E-coli_100ng_input-rep05,,,H702,CGTACTAG,H505,GTAAGGAG,MiSeq_Nextera_DNA_Flex_E-coli_B-cereus_R-sphaeroides,
E-coli_100ng_input-rep06,E-coli_100ng_input-rep06,,,H723,TAGCGCTC,H503,TATCCTCT,MiSeq_Nextera_DNA_Flex_E-coli_B-cereus_R-sphaeroides,
B-cereus_1ng_input-rep07,B-cereus_1ng_input-rep07,,,H720,CGGAGCCT,H516,CCTAGAGT,MiSeq_Nextera_DNA_Flex_E-coli_B-cereus_R-sphaeroides,
B-cereus_1ng_input-rep08,B-cereus_1ng_input-rep08,,,H714,GCTCATGA,H513,TCGACTAG,MiSeq_Nextera_DNA_Flex_E-coli_B-cereus_R-sphaeroides,
B-cereus_1ng_input-rep09,B-cereus_1ng_input-rep09,,,H710,CGAGGCTG,H516,CCTAGAGT,MiSeq_Nextera_DNA_Flex_E-coli_B-cereus_R-sphaeroides,
B-cereus_100ng_input-rep10,B-cereus_100ng_input-rep10,,,H701,TAAGGCGA,H522,TTATGCGA,MiSeq_Nextera_DNA_Flex_E-coli_B-cereus_R-sphaeroides,
B-cereus_100ng_input-rep11,B-cereus_100ng_input-rep11,,,H702,CGTACTAG,H513,TCGACTAG,MiSeq_Nextera_DNA_Flex_E-coli_B-cereus_R-sphaeroides,
B-cereus_100ng_input-rep12,B-cereus_100ng_input-rep12,,,H703,AGGCAGAA,H510,CGTCTAAT,MiSeq_Nextera_DNA_Flex_E-coli_B-cereus_R-sphaeroides,
R-sphaeroides_1ng_input-rep13,R-sphaeroides_1ng_input-rep13,,,H707,CTCTCTAC,H506,ACTGCATA,MiSeq_Nextera_DNA_Flex_E-coli_B-cereus_R-sphaeroides,
R-sphaeroides_1ng_input-rep14,R-sphaeroides_1ng_input-rep14,,,H723,TAGCGCTC,H505,GTAAGGAG,MiSeq_Nextera_DNA_Flex_E-coli_B-cereus_R-sphaeroides,
R-sphaeroides_1ng_input-rep15,R-sphaeroides_1ng_input-rep15,,,H705,GGACTCCT,H517,GCGTAAGA,MiSeq_Nextera_DNA_Flex_E-coli_B-cereus_R-sphaeroides,
R-sphaeroides_100ng_input-rep16,R-sphaeroides_100ng_input-rep16,,,H712,GTAGAGGA,H503,TATCCTCT,MiSeq_Nextera_DNA_Flex_E-coli_B-cereus_R-sphaeroides,
R-sphaeroides_100ng_input-rep17,R-sphaeroides_100ng_input-rep17,,,H711,AAGAGGCA,H516,CCTAGAGT,MiSeq_Nextera_DNA_Flex_E-coli_B-cereus_R-sphaeroides,
R-sphaeroides_100ng_input-rep18,R-sphaeroides_100ng_input-rep18,,,H702,CGTACTAG,H510,CGTCTAAT,MiSeq_Nextera_DNA_Flex_E-coli_B-cereus_R-sphaeroides,
