name,description,report_group_ids,enabled,ncbi_accession,sequence_type,taxonomic_classification,category,bioproject,ref,Strain,Host,Collection_date,Location_collection,US_State,Client_MAS,Submission_ID_MAS,Field #,Farm,Transplant facility,Cultivar,Seed producer,Operation,County,Region,Class_of oncogenic_plasmid,Opine_Type
Should be C. botulinum,"SRR29831631 (C. botulinum, illumina)",human_pathogens;mixed,TRUE,SRR29831631 ,illumina,Clostridium botulinum,bacteria,PRJNA290487,,,,,,,,,,,,,,,,,,
Should be M. tuberculosis,"SRR31315903 (M. tuberculosis, illumina)",human_pathogens;mixed,TRUE,SRR31315903,illumina,Mycobacterium Tuberculosis,bacteria,PRJNA1080563,,,,,,,,,,,,,,,,,,
Should be V. cholerae,"SRR31285044 (V. cholerae, illumina)",human_pathogens;mixed,TRUE,SRR31285044,illumina,Vibrio cholerae,bacteria,PRJNA590944,,,,,,,,,,,,,,,,,,
Should be B. burgdorferi,"SRR25420531 (B. burgdorferi, illumina)",human_pathogens;mixed,TRUE,SRR25420531,illumina,Borreliella burgdorferi,bacteria,PRJNA998043,,,,,,,,,,,,,,,,,,
Should be A. lumbricoides,"SRR8419293 (A. lumbricoides, illumina)",human_pathogens;mixed,TRUE,SRR8419293,illumina,Ascaris lumbricoides,helminths,PRJNA511012,,,,,,,,,,,,,,,,,,
Should be N. americanus,"SRR25712679 (N. americanus, illumina)",human_pathogens;mixed,TRUE,SRR25712679,nanopore,Necator americanus,helminths,PRJNA1007425,,,,,,,,,,,,,,,,,,
Should be C. immitis,"SRR21292664 (C. immitis, illumina)",human_pathogens;mixed,TRUE,SRR21292664 ,illumina,Coccidioides immitis,fungi,PRJNA274372,,,,,,,,,,,,,,,,,,
Should be C. posadasii,"SRR9644375 (C. posadasii, pacbio)",human_pathogens;mixed,TRUE,SRR9644375,pacbio,Coccidioides posadasii,fungi,PRJNA494320,,,,,,,,,,,,,,,,,,
Should be M. oryzae,"ERR2612748 (M. oryzae, nanopore)",magn_or;mixed,TRUE,ERR2612748,illumina,Magnaporthe oryzae,fungi,PRJEB27137,,BTJP4-1,wheat,2016,Bangladesh,,Client1,,mixed,fungi,,,,,,,,
Should be M. oryzae,"ERR2612749 (M. oryzae, nanopore)",magn_or;mixed,TRUE,ERR2612749,nanopore,Magnaporthe oryzae,fungi,PRJEB27137,,FR13,wheat,1998,USA,,Client1,,mixed,fungi,,,,,,,,
Should be M. oryzae,"ERR2612750 (M. oryzae, nanopore)",magn_or;mixed,TRUE,ERR2612750,nanopore,Magnaporthe oryzae,fungi,PRJEB27137,,US71,wheat,1998,France,,Client1,,fungi,,,,,,,,,
Should be U. tritici,"SRR19529321 (U. tritici, pacbio)",ustilago;mixed,TRUE,SRR19529321,pacbio,Ustilago tritici,fungi,PRJNA698760,10.1128/spectrum.00349-23,Ustilago_tritici,,,,,,,mixed,fungi,,,,,,,,
Should be U. nuda,"SRR19529322 (U. nuda, pacbio)",ustilago;mixed,TRUE,SRR19529322,pacbio,Ustilago nuda,fungi,PRJNA698760,10.1128/spectrum.00349-24,Ustilago_nuda,,,,,,,mixed,fungi,,,,,,,,
Should be U. hordei,"SRR18189816 (U. hordei, illumina)",ustilago;mixed,TRUE,SRR18189816,illumina,Ustilago hordei,fungi,PRJNA698760,10.1128/spectrum.00349-25,WGS_Uh1278,,,,,Client28,,fungi,,,,,,,,,
Should be U. hordei,"SRR18189817 (U. hordei, illumina)",ustilago;mixed,TRUE,SRR18189817,illumina,Ustilago hordei,fungi,PRJNA698760,10.1128/spectrum.00349-26,WGS_Uh1273,,,,,Client28,,fungi,,,,,,,,,
Should be U. hordei,"SRR18189818 (U. hordei, illumina)",ustilago;mixed,TRUE,SRR18189818,illumina,Ustilago hordei,fungi,PRJNA698760,10.1128/spectrum.00349-27,WGS_Uh818,,,,,Client28,,fungi,,,,,,,,,
Should be X. perforans,"SRR12888961 (X. perforans, illumina)",xan_FL;mixed,TRUE,SRR12888961,illumina,Xanthomonas perforans,bacteria,PRJNA668343,10.1038/s41396-021-01104-8,JK1-1,tomato,2021,USA,FL,Client2,,mixed,bact,1,dd,ZZ,9,D,AA,c,CW
Should be X. perforans,"SRR12888960 (X. perforans, illumina)",xan_FL;mixed,TRUE,SRR12888960,illumina,Xanthomonas perforans,bacteria,PRJNA668343,10.1038/s41396-021-01104-9,JK1-2,tomato,2021,USA,FL,Client2,,mixed,bact,1,dd,ZZ,9,D,AA,c,CW
Should be X. perforans,"SRR12888760 (X. perforans, illumina)",xan_FL;mixed,TRUE,SRR12888760,illumina,Xanthomonas perforans,bacteria,PRJNA668343,10.1038/s41396-021-01104-10,JK1-3,tomato,2021,USA,FL,Client2,,mixed,bact,1,dd,ZZ,9,D,AA,c,CW
Should be X. perforans,"SRR12888854 (X. perforans, illumina)",xan_FL;mixed,TRUE,SRR12888854,illumina,Xanthomonas perforans,bacteria,PRJNA668343,10.1038/s41396-021-01104-17,JK2-1,tomato,2021,USA,FL,Client2,,mixed,bact,2,dd,ZZ,9,D,AA,c,CW
Should be X. perforans,"SRR12888959 (X. perforans, illumina)",xan_FL;mixed,TRUE,SRR12888959,illumina,Xanthomonas perforans,bacteria,PRJNA668343,10.1038/s41396-021-01104-18,JK2-2,tomato,2021,USA,FL,Client2,,mixed,bact,2,dd,ZZ,9,D,AA,c,CW
Should be X. perforans,"SRR12888948 (X. perforans, illumina)",xan_FL;mixed,TRUE,SRR12888948,illumina,Xanthomonas perforans,bacteria,PRJNA668343,10.1038/s41396-021-01104-19,JK2-3,tomato,2021,USA,FL,Client2,,mixed,bact,2,dd,ZZ,9,D,AA,c,CW
Should be X. perforans,"SRR12888782 (X. perforans, illumina)",xan_FL;mixed,TRUE,SRR12888782,illumina,Xanthomonas perforans,bacteria,PRJNA668343,10.1038/s41396-021-01104-26,JK3-1,tomato,2021,USA,FL,Client2,,mixed,bact,3,dd,ZZ,9,D,AA,c,CW
Should be X. perforans,"SRR12888710 (X. perforans, illumina)",xan_FL;mixed,TRUE,SRR12888710,illumina,Xanthomonas perforans,bacteria,PRJNA668343,10.1038/s41396-021-01104-35,JK3-10,tomato,2021,USA,FL,Client2,,bact,3,dd,ZZ,9,D,AA,c,CW,
Should be X. perforans,"SRR12888811 (X. perforans, illumina)",xan_FL;mixed,TRUE,SRR12888811,illumina,Xanthomonas perforans,bacteria,PRJNA668343,10.1038/s41396-021-01104-36,JK3-11,tomato,2021,USA,FL,Client2,,bact,3,dd,ZZ,9,D,AA,c,CW,
Should be X. perforans,"SRR12888807 (X. perforans, illumina)",xan_FL;mixed,TRUE,SRR12888807,illumina,Xanthomonas perforans,bacteria,PRJNA668343,10.1038/s41396-021-01104-38,JK4-1,tomato,2021,USA,FL,Client2,,bact,4,dd,ZZ,9,D,AA,c,CW,
Should be X. perforans,"SRR12888806 (X. perforans, illumina)",xan_FL;mixed,TRUE,SRR12888806,illumina,Xanthomonas perforans,bacteria,PRJNA668343,10.1038/s41396-021-01104-39,JK4-2,tomato,2021,USA,FL,Client2,,bact,4,dd,ZZ,9,D,AA,c,CW,
Should be X. perforans,"SRR12888798 (X. perforans, illumina)",xan_FL;mixed,TRUE,SRR12888798,illumina,Xanthomonas perforans,bacteria,PRJNA668343,10.1038/s41396-021-01104-47,JK4-10,tomato,2021,USA,FL,Client2,,bact,4,dd,ZZ,9,D,AA,c,CW,
Should be X. perforans,"SRR12888796 (X. perforans, illumina)",xan_FL;mixed,TRUE,SRR12888796,illumina,Xanthomonas perforans,bacteria,PRJNA668343,10.1038/s41396-021-01104-48,JK5-1,tomato,2021,USA,FL,Client2,,bact,5,dd,ZZ,9,D,AA,c,CW,
Should be X. perforans,"SRR12888795 (X. perforans, illumina)",xan_FL;mixed,TRUE,SRR12888795,illumina,Xanthomonas perforans,bacteria,PRJNA668343,10.1038/s41396-021-01104-49,JK5-2,tomato,2021,USA,FL,Client2,,bact,5,dd,ZZ,9,D,AA,c,CW,
Should be X. perforans,"SRR12888794 (X. perforans, illumina)",xan_FL;mixed,TRUE,SRR12888794,illumina,Xanthomonas perforans,bacteria,PRJNA668343,10.1038/s41396-021-01104-50,JK5-3,tomato,2021,USA,FL,Client2,,bact,5,dd,ZZ,9,D,AA,c,CW,
Should be X. perforans,"SRR12888904 (X. perforans, illumina)",xan_FL;mixed,TRUE,SRR12888904,illumina,Xanthomonas perforans,bacteria,PRJNA668343,10.1038/s41396-021-01104-57,JK6-1,tomato,2021,USA,FL,Client2,,bact,6,cc,ZZ,12,C,AA,g,CW,
Should be X. perforans,"SRR12888902 (X. perforans, illumina)",xan_FL;mixed,TRUE,SRR12888902,illumina,Xanthomonas perforans,bacteria,PRJNA668343,10.1038/s41396-021-01104-58,JK6-2,tomato,2021,USA,FL,Client2,,bact,6,cc,ZZ,12,C,AA,g,CW,
Should be X. perforans,"SRR12888901 (X. perforans, illumina)",xan_FL;mixed,TRUE,SRR12888901,illumina,Xanthomonas perforans,bacteria,PRJNA668343,10.1038/s41396-021-01104-59,JK6-3,tomato,2021,USA,FL,Client2,,bact,6,cc,ZZ,12,C,AA,g,CW,
Should be X. perforans,"SRR12888895 (X. perforans, illumina)",xan_FL;mixed,TRUE,SRR12888895,illumina,Xanthomonas perforans,bacteria,PRJNA668343,10.1038/s41396-021-01104-65,JK7-1,tomato,2021,USA,FL,Client2,,bact,7,cc,ZZ,12,C,AA,g,CW,
Should be X. perforans,"SRR12888894 (X. perforans, illumina)",xan_FL,TRUE,SRR12888894,illumina,Xanthomonas perforans,bacteria,PRJNA668343,10.1038/s41396-021-01104-66,JK7-2,tomato,2021,USA,FL,Client2,,bact,7,cc,ZZ,12,C,AA,g,CW,
Should be X. perforans,"SRR12888885 (X. perforans, illumina)",xan_FL,TRUE,SRR12888885,illumina,Xanthomonas perforans,bacteria,PRJNA668343,10.1038/s41396-021-01104-74,JK7-10,tomato,2021,USA,FL,Client2,,bact,7,cc,ZZ,12,C,AA,g,CW,
Should be X. perforans,"SRR12888884 (X. perforans, illumina)",xan_FL,TRUE,SRR12888884,illumina,Xanthomonas perforans,bacteria,PRJNA668343,10.1038/s41396-021-01104-75,JK8-1,tomato,2021,USA,FL,Client3,,bact,8,vv,ZZ,10,B,OO,g,CW,
Should be X. perforans,"SRR12888883 (X. perforans, illumina)",xan_FL,TRUE,SRR12888883,illumina,Xanthomonas perforans,bacteria,PRJNA668343,10.1038/s41396-021-01104-76,JK8-2,tomato,2021,USA,FL,Client3,,bact,8,vv,ZZ,10,B,OO,g,CW,
Should be X. perforans,"SRR12888882 (X. perforans, illumina)",xan_FL,TRUE,SRR12888882,illumina,Xanthomonas perforans,bacteria,PRJNA668343,10.1038/s41396-021-01104-77,JK8-3,tomato,2021,USA,FL,Client3,,bact,8,vv,ZZ,10,B,OO,g,CW,
Should be X. perforans,"SRR12888873 (X. perforans, illumina)",xan_FL,TRUE,SRR12888873,illumina,Xanthomonas perforans,bacteria,PRJNA668343,10.1038/s41396-021-01104-80,JK9-1,tomato,2021,USA,FL,Client3,,bact,9,vv,ZZ,9,D,OO,g,CW,
Should be X. perforans,"SRR12888872 (X. perforans, illumina)",xan_FL,TRUE,SRR12888872,illumina,Xanthomonas perforans,bacteria,PRJNA668343,10.1038/s41396-021-01104-81,JK9-2,tomato,2021,USA,FL,Client3,,bact,9,vv,ZZ,9,D,OO,g,CW,
Should be X. perforans,"SRR12888871 (X. perforans, illumina)",xan_FL,TRUE,SRR12888871,illumina,Xanthomonas perforans,bacteria,PRJNA668343,10.1038/s41396-021-01104-82,JK9-3,tomato,2021,USA,FL,Client3,,bact,9,vv,ZZ,9,D,OO,g,CW,
Should be X. perforans,"SRR12888869 (X. perforans, illumina)",xan_FL,TRUE,SRR12888869,illumina,Xanthomonas perforans,bacteria,PRJNA668343,10.1038/s41396-021-01104-84,JK10-1,tomato,2021,USA,FL,Client3,,bact,10,vv,ZZ,12,C,OO,g,CW,
Should be X. perforans,"SRR12888868 (X. perforans, illumina)",xan_FL,TRUE,SRR12888868,illumina,Xanthomonas perforans,bacteria,PRJNA668343,10.1038/s41396-021-01104-85,JK10-2,tomato,2021,USA,FL,Client3,,bact,10,vv,ZZ,12,C,OO,g,CW,
Should be X. perforans,"SRR12888867 (X. perforans, illumina)",xan_FL,TRUE,SRR12888867,illumina,Xanthomonas perforans,bacteria,PRJNA668343,10.1038/s41396-021-01104-86,JK10-3,tomato,2021,USA,FL,Client3,,bact,10,vv,ZZ,12,C,OO,g,CW,
Should be X. perforans,"SRR12888864 (X. perforans, illumina)",xan_FL,TRUE,SRR12888864,illumina,Xanthomonas perforans,bacteria,PRJNA668343,10.1038/s41396-021-01104-88,JK11-1,tomato,2021,USA,FL,Client3,,bact,11,vv,ZZ,10,B,OO,g,CW,
Should be X. perforans,"SRR12888863 (X. perforans, illumina)",xan_FL,TRUE,SRR12888863,illumina,Xanthomonas perforans,bacteria,PRJNA668343,10.1038/s41396-021-01104-89,JK11-2,tomato,2021,USA,FL,Client3,,bact,11,vv,ZZ,10,B,OO,g,CW,
Should be X. perforans,"SRR12888855 (X. perforans, illumina)",xan_FL,TRUE,SRR12888855,illumina,Xanthomonas perforans,bacteria,PRJNA668343,10.1038/s41396-021-01104-97,JK11-10,tomato,2021,USA,FL,Client3,,bact,11,vv,ZZ,10,B,OO,g,CW,
Should be X. perforans,"SRR12888853 (X. perforans, illumina)",xan_FL,TRUE,SRR12888853,illumina,Xanthomonas perforans,bacteria,PRJNA668343,10.1038/s41396-021-01104-98,JK12-1,tomato,2021,USA,FL,Client3,,bact,12,vv,ZZ,12,C,OO,g,CW,
Should be X. perforans,"SRR12888852 (X. perforans, illumina)",xan_FL,TRUE,SRR12888852,illumina,Xanthomonas perforans,bacteria,PRJNA668343,10.1038/s41396-021-01104-99,JK12-2,tomato,2021,USA,FL,Client3,,bact,12,vv,ZZ,12,C,OO,g,CW,
Should be X. perforans,"SRR12888851 (X. perforans, illumina)",xan_FL,TRUE,SRR12888851,illumina,Xanthomonas perforans,bacteria,PRJNA668343,10.1038/s41396-021-01104-100,JK12-3,tomato,2021,USA,FL,Client3,,bact,12,vv,ZZ,12,C,OO,g,CW,
Should be X. perforans,"SRR12888880 (X. perforans, illumina)",xan_FL,TRUE,SRR12888880,illumina,Xanthomonas perforans,bacteria,PRJNA668343,10.1038/s41396-021-01104-104,JK14-1,tomato,2021,USA,FL,Client4,,bact,14,aa,YY,10,B,JJ,f,CW,
Should be X. perforans,"SRR12888879 (X. perforans, illumina)",xan_FL,TRUE,SRR12888879,illumina,Xanthomonas perforans,bacteria,PRJNA668343,10.1038/s41396-021-01104-105,JK14-2,tomato,2021,USA,FL,Client4,,bact,14,aa,YY,10,B,JJ,f,CW,
Should be X. perforans,"SRR12888878 (X. perforans, illumina)",xan_FL,TRUE,SRR12888878,illumina,Xanthomonas perforans,bacteria,PRJNA668343,10.1038/s41396-021-01104-106,JK14-3,tomato,2021,USA,FL,Client4,,bact,14,aa,YY,10,B,JJ,f,CW,
Should be X. perforans,"SRR12888956 (X. perforans, illumina)",xan_FL,TRUE,SRR12888956,illumina,Xanthomonas perforans,bacteria,PRJNA668343,10.1038/s41396-021-01104-110,JK22-1,tomato,2021,USA,FL,Client5,,bact,22,ll,TT,10,B,HH,a,SW,
Should be X. perforans,"SRR12888955 (X. perforans, illumina)",xan_FL,TRUE,SRR12888955,illumina,Xanthomonas perforans,bacteria,PRJNA668343,10.1038/s41396-021-01104-111,JK22-2,tomato,2021,USA,FL,Client5,,bact,22,ll,TT,10,B,HH,a,SW,
Should be X. perforans,"SRR12888946 (X. perforans, illumina)",xan_FL,TRUE,SRR12888946,illumina,Xanthomonas perforans,bacteria,PRJNA668343,10.1038/s41396-021-01104-119,JK22-10,tomato,2021,USA,FL,Client5,,bact,22,ll,TT,10,B,HH,a,SW,
Should be X. perforans,"SRR12888945 (X. perforans, illumina)",xan_FL,TRUE,SRR12888945,illumina,Xanthomonas perforans,bacteria,PRJNA668343,10.1038/s41396-021-01104-120,JK23-1,tomato,2021,USA,FL,Client5,,bact,23,ll,TT,10,B,HH,a,SW,
Should be X. perforans,"SRR12888944 (X. perforans, illumina)",xan_FL,TRUE,SRR12888944,illumina,Xanthomonas perforans,bacteria,PRJNA668343,10.1038/s41396-021-01104-121,JK23-2,tomato,2021,USA,FL,Client5,,bact,23,ll,TT,10,B,HH,a,SW,
Should be X. perforans,"SRR12888943 (X. perforans, illumina)",xan_FL,TRUE,SRR12888943,illumina,Xanthomonas perforans,bacteria,PRJNA668343,10.1038/s41396-021-01104-122,JK23-3,tomato,2021,USA,FL,Client5,,bact,23,ll,TT,10,B,HH,a,SW,
Should be X. perforans,"SRR12888936 (X. perforans, illumina)",xan_FL,TRUE,SRR12888936,illumina,Xanthomonas perforans,bacteria,PRJNA668343,10.1038/s41396-021-01104-128,JK26-1,tomato,2021,USA,FL,Client5,,bact,26,nn,ZZ,4,A,HH,g,CW,
Should be X. perforans,"SRR12888935 (X. perforans, illumina)",xan_FL,TRUE,SRR12888935,illumina,Xanthomonas perforans,bacteria,PRJNA668343,10.1038/s41396-021-01104-129,JK26-2,tomato,2021,USA,FL,Client5,,bact,26,nn,ZZ,4,A,HH,g,CW,
Should be X. perforans,"SRR12888934 (X. perforans, illumina)",xan_FL,TRUE,SRR12888934,illumina,Xanthomonas perforans,bacteria,PRJNA668343,10.1038/s41396-021-01104-130,JK26-3,tomato,2021,USA,FL,Client5,,bact,26,nn,ZZ,4,A,HH,g,CW,
Should be X. perforans,"SRR12888927 (X. perforans, illumina)",xan_FL,TRUE,SRR12888927,illumina,Xanthomonas perforans,bacteria,PRJNA668343,10.1038/s41396-021-01104-137,JK32-1,tomato,2021,USA,FL,Client5,,bact,32,nn,SS,4,A,HH,g,CW,
Should be X. perforans,"SRR12888925 (X. perforans, illumina)",xan_FL,TRUE,SRR12888925,illumina,Xanthomonas perforans,bacteria,PRJNA668343,10.1038/s41396-021-01104-138,JK32-2,tomato,2021,USA,FL,Client5,,bact,32,nn,SS,4,A,HH,g,CW,
Should be X. perforans,"SRR12888924 (X. perforans, illumina)",xan_FL,TRUE,SRR12888924,illumina,Xanthomonas perforans,bacteria,PRJNA668343,10.1038/s41396-021-01104-139,JK32-3,tomato,2021,USA,FL,Client5,,bact,32,nn,SS,4,A,HH,g,CW,
Should be X. perforans,"SRR12888920 (X. perforans, illumina)",xan_FL,TRUE,SRR12888920,illumina,Xanthomonas perforans,bacteria,PRJNA668343,10.1038/s41396-021-01104-143,JK36-1,tomato,2021,USA,FL,Client6,,bact,36,tt,WW,9,D,MM,g,CW,
Should be X. perforans,"SRR12888919 (X. perforans, illumina)",xan_FL,TRUE,SRR12888919,illumina,Xanthomonas perforans,bacteria,PRJNA668343,10.1038/s41396-021-01104-144,JK36-2,tomato,2021,USA,FL,Client6,,bact,36,tt,WW,9,D,MM,g,CW,
Should be X. perforans,"SRR12888918 (X. perforans, illumina)",xan_FL,TRUE,SRR12888918,illumina,Xanthomonas perforans,bacteria,PRJNA668343,10.1038/s41396-021-01104-145,JK36-3,tomato,2021,USA,FL,Client6,,bact,36,tt,WW,9,D,MM,g,CW,
Should be X. perforans,"SRR12888911 (X. perforans, illumina)",xan_FL,TRUE,SRR12888911,illumina,Xanthomonas perforans,bacteria,PRJNA668343,10.1038/s41396-021-01104-151,JK37-1,tomato,2021,USA,FL,Client6,,bact,37,tt,WW,10,B,MM,g,CW,
Should be X. perforans,"SRR12888910 (X. perforans, illumina)",xan_FL,TRUE,SRR12888910,illumina,Xanthomonas perforans,bacteria,PRJNA668343,10.1038/s41396-021-01104-152,JK37-2,tomato,2021,USA,FL,Client6,,bact,37,tt,WW,10,B,MM,g,CW,
Should be X. perforans,"SRR12888848 (X. perforans, illumina)",xan_FL,TRUE,SRR12888848,illumina,Xanthomonas perforans,bacteria,PRJNA668343,10.1038/s41396-021-01104-153,JK37-3,tomato,2021,USA,FL,Client6,,bact,37,tt,WW,10,B,MM,g,CW,
Should be X. perforans,"SRR12888841 (X. perforans, illumina)",xan_FL,TRUE,SRR12888841,illumina,Xanthomonas perforans,bacteria,PRJNA668343,10.1038/s41396-021-01104-159,JK38-1,tomato,2021,USA,FL,Client7,,bact,38,ff,YY,10,B,CC,g,CW,
Should be X. perforans,"SRR12888840 (X. perforans, illumina)",xan_FL,TRUE,SRR12888840,illumina,Xanthomonas perforans,bacteria,PRJNA668343,10.1038/s41396-021-01104-160,JK38-2,tomato,2021,USA,FL,Client7,,bact,38,ff,YY,10,B,CC,g,CW,
Should be X. perforans,"SRR12888839 (X. perforans, illumina)",xan_FL,TRUE,SRR12888839,illumina,Xanthomonas perforans,bacteria,PRJNA668343,10.1038/s41396-021-01104-161,JK38-3,tomato,2021,USA,FL,Client7,,bact,38,ff,YY,10,B,CC,g,CW,
Should be X. perforans,"SRR12888834 (X. perforans, illumina)",xan_FL,TRUE,SRR12888834,illumina,Xanthomonas perforans,bacteria,PRJNA668343,10.1038/s41396-021-01104-166,JK39-1,tomato,2021,USA,FL,Client7,,bact,39,ff,YY,10,B,CC,g,CW,
Should be X. perforans,"SRR12888833 (X. perforans, illumina)",xan_FL,TRUE,SRR12888833,illumina,Xanthomonas perforans,bacteria,PRJNA668343,10.1038/s41396-021-01104-167,JK39-2,tomato,2021,USA,FL,Client7,,bact,39,ff,YY,10,B,CC,g,CW,
Should be X. perforans,"SRR12888831 (X. perforans, illumina)",xan_FL,TRUE,SRR12888831,illumina,Xanthomonas perforans,bacteria,PRJNA668343,10.1038/s41396-021-01104-168,JK39-3,tomato,2021,USA,FL,Client7,,bact,39,ff,YY,10,B,CC,g,CW,
Should be X. perforans,"SRR12888824 (X. perforans, illumina)",xan_FL,TRUE,SRR12888824,illumina,Xanthomonas perforans,bacteria,PRJNA668343,10.1038/s41396-021-01104-175,JK40-1,tomato,2021,USA,FL,Client7,,bact,40,ff,YY,10,B,CC,g,CW,
Should be X. perforans,"SRR12888823 (X. perforans, illumina)",xan_FL,TRUE,SRR12888823,illumina,Xanthomonas perforans,bacteria,PRJNA668343,10.1038/s41396-021-01104-176,JK40-2,tomato,2021,USA,FL,Client7,,bact,40,ff,YY,10,B,CC,g,CW,
Should be X. perforans,"SRR12888786 (X. perforans, illumina)",xan_FL,TRUE,SRR12888786,illumina,Xanthomonas perforans,bacteria,PRJNA668343,10.1038/s41396-021-01104-184,JK40-10,tomato,2021,USA,FL,Client7,,bact,40,ff,YY,10,B,CC,g,CW,
Should be X. perforans,"SRR12888785 (X. perforans, illumina)",xan_FL,TRUE,SRR12888785,illumina,Xanthomonas perforans,bacteria,PRJNA668343,10.1038/s41396-021-01104-185,JK41-1,tomato,2021,USA,FL,Client7,,bact,41,ff,YY,10,B,CC,g,CW,
Should be X. perforans,"SRR12888784 (X. perforans, illumina)",xan_FL,TRUE,SRR12888784,illumina,Xanthomonas perforans,bacteria,PRJNA668343,10.1038/s41396-021-01104-186,JK41-2,tomato,2021,USA,FL,Client7,,bact,41,ff,YY,10,B,CC,g,CW,
Should be X. perforans,"SRR12888783 (X. perforans, illumina)",xan_FL,TRUE,SRR12888783,illumina,Xanthomonas perforans,bacteria,PRJNA668343,10.1038/s41396-021-01104-187,JK41-3,tomato,2021,USA,FL,Client7,,bact,41,ff,YY,10,B,CC,g,CW,
Should be X. perforans,"SRR12888775 (X. perforans, illumina)",xan_FL,TRUE,SRR12888775,illumina,Xanthomonas perforans,bacteria,PRJNA668343,10.1038/s41396-021-01104-194,JK42-1,tomato,2021,USA,FL,Client8,,bact,42,oo,VV,16,D,II,b,NW,
Should be X. perforans,"SRR12888774 (X. perforans, illumina)",xan_FL,TRUE,SRR12888774,illumina,Xanthomonas perforans,bacteria,PRJNA668343,10.1038/s41396-021-01104-195,JK42-2,tomato,2021,USA,FL,Client8,,bact,42,oo,VV,16,D,II,b,NW,
Should be X. perforans,"SRR12888773 (X. perforans, illumina)",xan_FL,TRUE,SRR12888773,illumina,Xanthomonas perforans,bacteria,PRJNA668343,10.1038/s41396-021-01104-196,JK42-3,tomato,2021,USA,FL,Client8,,bact,42,oo,VV,16,D,II,b,NW,
Should be X. perforans,"SRR12888767 (X. perforans, illumina)",xan_FL,TRUE,SRR12888767,illumina,Xanthomonas perforans,bacteria,PRJNA668343,10.1038/s41396-021-01104-201,JK43-1,tomato,2021,USA,FL,Client8,,bact,43,oo,VV,16,D,II,b,NW,
Should be X. perforans,"SRR12888766 (X. perforans, illumina)",xan_FL,TRUE,SRR12888766,illumina,Xanthomonas perforans,bacteria,PRJNA668343,10.1038/s41396-021-01104-202,JK43-2,tomato,2021,USA,FL,Client8,,bact,43,oo,VV,16,D,II,b,NW,
Should be X. perforans,"SRR12888765 (X. perforans, illumina)",xan_FL,TRUE,SRR12888765,illumina,Xanthomonas perforans,bacteria,PRJNA668343,10.1038/s41396-021-01104-203,JK43-3,tomato,2021,USA,FL,Client8,,bact,43,oo,VV,16,D,II,b,NW,
Should be X. perforans,"SRR12888761 (X. perforans, illumina)",xan_FL,TRUE,SRR12888761,illumina,Xanthomonas perforans,bacteria,PRJNA668343,10.1038/s41396-021-01104-207,JK44-1,tomato,2021,USA,FL,Client8,,bact,44,oo,VV,16,D,II,b,NW,
Should be X. perforans,"SRR12888758 (X. perforans, illumina)",xan_FL,TRUE,SRR12888758,illumina,Xanthomonas perforans,bacteria,PRJNA668343,10.1038/s41396-021-01104-208,JK44-2,tomato,2021,USA,FL,Client8,,bact,44,oo,VV,16,D,II,b,NW,
Should be X. perforans,"SRR12888757 (X. perforans, illumina)",xan_FL,TRUE,SRR12888757,illumina,Xanthomonas perforans,bacteria,PRJNA668343,10.1038/s41396-021-01104-209,JK44-3,tomato,2021,USA,FL,Client8,,bact,44,oo,VV,16,D,II,b,NW,
Should be X. perforans,"SRR12888753 (X. perforans, illumina)",xan_FL,TRUE,SRR12888753,illumina,Xanthomonas perforans,bacteria,PRJNA668343,10.1038/s41396-021-01104-213,JK45-1,tomato,2021,USA,FL,Client9,,bact,45,gg,VV,16,D,DD,d,NW,
Should be X. perforans,"SRR12888752 (X. perforans, illumina)",xan_FL,TRUE,SRR12888752,illumina,Xanthomonas perforans,bacteria,PRJNA668343,10.1038/s41396-021-01104-214,JK45-2,tomato,2021,USA,FL,Client9,,bact,45,gg,VV,16,D,DD,d,NW,
Should be X. perforans,"SRR12888751 (X. perforans, illumina)",xan_FL,TRUE,SRR12888751,illumina,Xanthomonas perforans,bacteria,PRJNA668343,10.1038/s41396-021-01104-215,JK45-3,tomato,2021,USA,FL,Client9,,bact,45,gg,VV,16,D,DD,d,NW,
Should be X. perforans,"SRR12888746 (X. perforans, illumina)",xan_FL,TRUE,SRR12888746,illumina,Xanthomonas perforans,bacteria,PRJNA668343,10.1038/s41396-021-01104-219,JK46-1,tomato,2021,USA,FL,Client10,,bact,46,kk,VV,16,D,GG,b,NW,
Should be X. perforans,"SRR12888745 (X. perforans, illumina)",xan_FL,TRUE,SRR12888745,illumina,Xanthomonas perforans,bacteria,PRJNA668343,10.1038/s41396-021-01104-220,JK46-2,tomato,2021,USA,FL,Client10,,bact,46,kk,VV,16,D,GG,b,NW,
Should be X. perforans,"SRR12888744 (X. perforans, illumina)",xan_FL,TRUE,SRR12888744,illumina,Xanthomonas perforans,bacteria,PRJNA668343,10.1038/s41396-021-01104-221,JK46-3,tomato,2021,USA,FL,Client10,,bact,46,kk,VV,16,D,GG,b,NW,
Should be X. perforans,"SRR12888743 (X. perforans, illumina)",xan_FL,TRUE,SRR12888743,illumina,Xanthomonas perforans,bacteria,PRJNA668343,10.1038/s41396-021-01104-222,JK52-1,tomato,2021,USA,FL,Client11,,bact,52,bb,TT,12,C,AA,h,SE,
Should be X. perforans,"SRR12888742 (X. perforans, illumina)",xan_FL,TRUE,SRR12888742,illumina,Xanthomonas perforans,bacteria,PRJNA668343,10.1038/s41396-021-01104-223,JK52-2,tomato,2021,USA,FL,Client11,,bact,52,bb,TT,12,C,AA,h,SE,
Should be X. perforans,"SRR12888705 (X. perforans, illumina)",xan_FL,TRUE,SRR12888705,illumina,Xanthomonas perforans,bacteria,PRJNA668343,10.1038/s41396-021-01104-231,JK52-10,tomato,2021,USA,FL,Client11,,bact,52,bb,TT,12,C,AA,h,SE,
Should be X. perforans,"SRR12888704 (X. perforans, illumina)",xan_FL,TRUE,SRR12888704,illumina,Xanthomonas perforans,bacteria,PRJNA668343,10.1038/s41396-021-01104-232,JK54-1,tomato,2021,USA,FL,Client12,,bact,54,uu,XX,10,B,NN,a,SW,
Should be X. perforans,"SRR12888703 (X. perforans, illumina)",xan_FL,TRUE,SRR12888703,illumina,Xanthomonas perforans,bacteria,PRJNA668343,10.1038/s41396-021-01104-233,JK54-2,tomato,2021,USA,FL,Client12,,bact,54,uu,XX,10,B,NN,a,SW,
Should be X. perforans,"SRR12888702 (X. perforans, illumina)",xan_FL,TRUE,SRR12888702,illumina,Xanthomonas perforans,bacteria,PRJNA668343,10.1038/s41396-021-01104-234,JK54-3,tomato,2021,USA,FL,Client12,,bact,54,uu,XX,10,B,NN,a,SW,
Should be X. perforans,"SRR12888696 (X. perforans, illumina)",xan_FL,TRUE,SRR12888696,illumina,Xanthomonas perforans,bacteria,PRJNA668343,10.1038/s41396-021-01104-239,JK56-1,tomato,2021,USA,FL,Client13,,bact,56,ll,ZZ,4,A,HH,a,SW,
Should be X. perforans,"SRR12888695 (X. perforans, illumina)",xan_FL,TRUE,SRR12888695,illumina,Xanthomonas perforans,bacteria,PRJNA668343,10.1038/s41396-021-01104-240,JK56-2,tomato,2021,USA,FL,Client13,,bact,56,ll,ZZ,4,A,HH,a,SW,
Should be X. perforans,"SRR12888686 (X. perforans, illumina)",xan_FL,TRUE,SRR12888686,illumina,Xanthomonas perforans,bacteria,PRJNA668343,10.1038/s41396-021-01104-248,JK56-10,tomato,2021,USA,FL,Client13,,bact,56,ll,ZZ,4,A,HH,a,SW,
Should be X. perforans,"SRR12888685 (X. perforans, illumina)",xan_FL,TRUE,SRR12888685,illumina,Xanthomonas perforans,bacteria,PRJNA668343,10.1038/s41396-021-01104-249,JK62-1,tomato,2021,USA,FL,Client14,,bact,62,jj,UU,4,A,FF,e,SW,
Should be X. perforans,"SRR12888684 (X. perforans, illumina)",xan_FL,TRUE,SRR12888684,illumina,Xanthomonas perforans,bacteria,PRJNA668343,10.1038/s41396-021-01104-250,JK62-2,tomato,2021,USA,FL,Client14,,bact,62,jj,UU,4,A,FF,e,SW,
Should be X. perforans,"SRR12888731 (X. perforans, illumina)",xan_FL,TRUE,SRR12888731,illumina,Xanthomonas perforans,bacteria,PRJNA668343,10.1038/s41396-021-01104-258,JK62-10,tomato,2021,USA,FL,Client14,,bact,62,jj,UU,4,A,FF,e,SW,
Should be X. perforans,"SRR12888730 (X. perforans, illumina)",xan_FL,TRUE,SRR12888730,illumina,Xanthomonas perforans,bacteria,PRJNA668343,10.1038/s41396-021-01104-259,JK63-1,tomato,2021,USA,FL,Client14,,bact,63,jj,UU,4,A,FF,e,SW,
Should be X. perforans,"SRR12888729 (X. perforans, illumina)",xan_FL,TRUE,SRR12888729,illumina,Xanthomonas perforans,bacteria,PRJNA668343,10.1038/s41396-021-01104-260,JK63-2,tomato,2021,USA,FL,Client14,,bact,63,jj,UU,4,A,FF,e,SW,
Should be X. perforans,"SRR12888720 (X. perforans, illumina)",xan_FL,TRUE,SRR12888720,illumina,Xanthomonas perforans,bacteria,PRJNA668343,10.1038/s41396-021-01104-268,JK63-10,tomato,2021,USA,FL,Client14,,bact,63,jj,UU,4,A,FF,e,SW,
Should be X. perforans,"SRR12888719 (X. perforans, illumina)",xan_FL,TRUE,SRR12888719,illumina,Xanthomonas perforans,bacteria,PRJNA668343,10.1038/s41396-021-01104-269,JK65-1,tomato,2021,USA,FL,Client14,,bact,65,jj,UU,4,A,FF,e,SW,
Should be X. perforans,"SRR12888718 (X. perforans, illumina)",xan_FL,TRUE,SRR12888718,illumina,Xanthomonas perforans,bacteria,PRJNA668343,10.1038/s41396-021-01104-270,JK65-2,tomato,2021,USA,FL,Client14,,bact,65,jj,UU,4,A,FF,e,SW,
Should be X. perforans,"SRR12888709 (X. perforans, illumina)",xan_FL,TRUE,SRR12888709,illumina,Xanthomonas perforans,bacteria,PRJNA668343,10.1038/s41396-021-01104-278,JK65-10,tomato,2021,USA,FL,Client14,,bact,65,jj,UU,4,A,FF,e,SW,
Should be X. perforans,"SRR12888820 (X. perforans, illumina)",xan_FL,TRUE,SRR12888820,illumina,Xanthomonas perforans,bacteria,PRJNA668343,10.1038/s41396-021-01104-279,JK68-1,tomato,2021,USA,FL,Client14,,bact,68,ii,UU,4,A,FF,a,SW,
Should be X. perforans,"SRR12888819 (X. perforans, illumina)",xan_FL,TRUE,SRR12888819,illumina,Xanthomonas perforans,bacteria,PRJNA668343,10.1038/s41396-021-01104-280,JK68-2,tomato,2021,USA,FL,Client14,,bact,68,ii,UU,4,A,FF,a,SW,
Should be X. perforans,"SRR12888810 (X. perforans, illumina)",xan_FL,TRUE,SRR12888810,illumina,Xanthomonas perforans,bacteria,PRJNA668343,10.1038/s41396-021-01104-288,JK68-10,tomato,2021,USA,FL,Client14,,bact,68,ii,UU,4,A,FF,a,SW,
Should be F. oxysporum fsp. Niveum,"SRR21509025 (F. oxysporum fsp. Niveum, illumina)",fusarium;mixed,TRUE,SRR21509025,illumina,Fusarium oxysporum fsp. Niveum,fungi,PRJNA878477,10.1094/PHYTOFR-11-22-0134-A,COM,watermelon,2021,USA,TX,Client15,,mixed,fungi,,,,,,,,
Should be F. oxysporum fsp. Niveum,"SRR21509024 (F. oxysporum fsp. Niveum, illumina)",fusarium;mixed,TRUE,SRR21509024,illumina,Fusarium oxysporum fsp. Niveum,fungi,PRJNA878477,10.1094/PHYTOFR-11-22-0134-A,PRU,watermelon,2021,USA,TX,Client15,,fungi,,,,,,,,,
Should be F. oxysporum fsp. Niveum,"SRR21509023 (F. oxysporum fsp. Niveum, illumina)",fusarium;mixed,TRUE,SRR21509023,illumina,Fusarium oxysporum fsp. Niveum,fungi,PRJNA878477,10.1094/PHYTOFR-11-22-0134-A,W2,watermelon,2021,USA,TX,Client15,,fungi,,,,,,,,,
Should be F. oxysporum fsp. Niveum,"SRR21509022 (F. oxysporum fsp. Niveum, illumina)",fusarium;mixed,TRUE,SRR21509022,illumina,Fusarium oxysporum fsp. Niveum,fungi,PRJNA878477,10.1094/PHYTOFR-11-22-0134-A,HAR,watermelon,2021,USA,TX,Client15,,fungi,,,,,,,,,
Should be F. oxysporum fsp. Niveum,"SRR21509021 (F. oxysporum fsp. Niveum, illumina)",fusarium;mixed,TRUE,SRR21509021,illumina,Fusarium oxysporum fsp. Niveum,fungi,PRJNA878477,10.1094/PHYTOFR-11-22-0134-A,STO,watermelon,2021,USA,TX,Client15,,fungi,,,,,,,,,
Should be B. tabaci,"ERR3489204 (B. tabaci, pacbio)",bemisia;mixed,TRUE,ERR3489204,pacbio,Bemisia tabaci,insect,PRJEB28507,10.1186/s12864-023-09474-3,SSA1-SG1_Nigeria_F8,cassava,2015,Nigeria,,Client16,,mixed,insect,,,,,,,,
Should be A. tumefaciens,"SRR27897033 (A. tumefaciens, illumina)",agro;mixed,TRUE,SRR27897033,illumina,Agrobacterium tumefaciens,bacteria,PRJNA607555,10.1126/science.aba525,LMG_305,Stonecrop (Sedum),1958,,,,,mixed,bact,,,,,,,,
Should be R. rhizogenes,"SRR11174029 (R. rhizogenes, illumina)",agro;mixed,TRUE,SRR11174029,illumina,Rhizobium rhizogenes,bacteria,PRJNA607555,10.1126/science.aba526,R_10.1,Peach,2009,,,,,mixed,bact,,,,,,,,
Should be R. rhizogenes,"SRR11174116 (R. rhizogenes, illumina)",agro;mixed,TRUE,SRR11174116,illumina,Rhizobium rhizogenes,bacteria,PRJNA607555,10.1126/science.aba527,PVM_1.5,Peach,2008,,,,,bact,,,,,,,,,Ti
Should be A. vitis,"SRR11174105 (A. vitis, illumina)",agro;mixed,TRUE,SRR11174105,illumina,Agrobacterium vitis,bacteria,PRJNA607555,10.1126/science.aba528,P86/93,Grape,1993,,,,,bact,,,,,,,,,Ti
Should be A. vitis,"SRR11174094 (A. vitis, illumina)",agro;mixed,TRUE,SRR11174094,illumina,Agrobacterium vitis,bacteria,PRJNA607555,10.1126/science.aba529,T268/95,Grape,1995,,,,,mixed,bact,,,,,,,,
Should be N. sp. AL 9.2.2,"SRR11174089 (N. sp. AL 9.2.2, illumina)",agro;mixed,TRUE,SRR11174089,illumina,Neorhizobium sp. AL 9.2.2,bacteria,PRJNA607555,10.1126/science.aba530,AL_9.2.2,Plum,2008,,,,,mixed,bact,,,,,,,,
Should be R. rhizogenes,"SRR11174078 (R. rhizogenes, illumina)",agro;mixed,TRUE,SRR11174078,illumina,Rhizobium rhizogenes,bacteria,PRJNA607555,10.1126/science.aba531,PVM_10.5,Peach,2009,,,,,bact,,,,,,,,,Ti
Should be A. vitis,"SRR11174066 (A. vitis, illumina)",agro;mixed,TRUE,SRR11174066,illumina,Agrobacterium vitis,bacteria,PRJNA607555,10.1126/science.aba532,T60/94,Grape,1994,,,,,bact,,,,,,,,,Ti
Should be R. rhizogenes,"SRR11174055 (R. rhizogenes, illumina)",agro;mixed,TRUE,SRR11174055,illumina,Rhizobium rhizogenes,bacteria,PRJNA607555,10.1126/science.aba533,U167/95,Grape,1995,,,,,bact,,,,,,,,,NA
Should be R. rhizogenes,"SRR11174051 (R. rhizogenes, illumina)",agro;mixed,TRUE,SRR11174051,illumina,Rhizobium rhizogenes,bacteria,PRJNA607555,10.1126/science.aba534,RO_10.5,Rose,2009,,,,,bact,,,,,,,,,Ti
Should be R. rhizogenes,"SRR11174048 (R. rhizogenes, illumina)",agro;mixed,TRUE,SRR11174048,illumina,Rhizobium rhizogenes,bacteria,PRJNA607555,10.1126/science.aba535,R_1.1,Peach,2008,,,,,bact,,,,,,,,,Ti
Should be R. rhizogenes,"SRR11174043 (R. rhizogenes, illumina)",agro;mixed,TRUE,SRR11174043,illumina,Rhizobium rhizogenes,bacteria,PRJNA607555,10.1126/science.aba536,W_1.1,Plum,2008,,,,,bact,,,,,,,,,Ti
Should be A. vitis,"SRR11174041 (A. vitis, illumina)",agro;mixed,TRUE,SRR11174041,illumina,Agrobacterium vitis,bacteria,PRJNA607555,10.1126/science.aba537,T267/94,Grape,1994,,,,,bact,,,,,,,,,Ti
Should be R. rhizogenes,"SRR11174038 (R. rhizogenes, illumina)",agro;mixed,TRUE,SRR11174038,illumina,Rhizobium rhizogenes,bacteria,PRJNA607555,10.1126/science.aba538,W_1.4,Plum,2008,,,,,bact,,,,,,,,,Ti
Should be A. vitis,"SRR11174037 (A. vitis, illumina)",agro;mixed,TRUE,SRR11174037,illumina,Agrobacterium vitis,bacteria,PRJNA607555,10.1126/science.aba539,T393/94,Grape,1994,,,,,bact,,,,,,,,,Ti
Should be A. tumefaciens,"SRR11174036 (A. tumefaciens, illumina)",agro;mixed,TRUE,SRR11174036,illumina,Agrobacterium tumefaciens,bacteria,PRJNA607555,10.1126/science.aba540,IL30,Rose,NA,,,,,bact,,,,,,,,,Ti
Should be A. tumefaciens,"SRR11174033 (A. tumefaciens, illumina)",agro;mixed,TRUE,SRR11174033,illumina,Agrobacterium tumefaciens,bacteria,PRJNA607555,10.1126/science.aba541,LMG_232,Beet,1963,,,,,bact,,,,,,,,,NA
Should be A. ampelinum,"SRR11174032 (A. ampelinum, illumina)",agro;mixed,TRUE,SRR11174032,illumina,Allorhizobium ampelinum,bacteria,PRJNA607555,10.1126/science.aba542,V80/94,Grape,1994,,,,,mixed,bact,,,,,,,,
Should be A. tumefaciens,"SRR11174151 (A. tumefaciens, illumina)",agro;mixed,TRUE,SRR11174151,illumina,Agrobacterium tumefaciens,bacteria,PRJNA607555,10.1126/science.aba543,W9/94,Walnut,1994,,,,,bact,,,,,,,,,Ti
Should be R. rhizogenes,"SRR11174150 (R. rhizogenes, illumina)",agro;mixed,TRUE,SRR11174150,illumina,Rhizobium rhizogenes,bacteria,PRJNA607555,10.1126/science.aba544,RO_2.2,Rose,2009,,,,,bact,,,,,,,,,Ti
Should be A. tumefaciens,"SRR11174149 (A. tumefaciens, illumina)",agro,TRUE,SRR11174149,illumina,Agrobacterium tumefaciens,bacteria,PRJNA607555,10.1126/science.aba545,LMG_267,Tomato,1935,,,,,bact,,,,,,,,,Ti
Should be A. larrymoorei,"SRR11174147 (A. larrymoorei, illumina)",agro,TRUE,SRR11174147,illumina,Agrobacterium larrymoorei,bacteria,PRJNA607555,10.1126/science.aba546,FPH-AR2,Blanket flower (Gaillardia),2014,,,,,bact,,,,,,,,,Ti
Should be R. rhizogenes,"SRR11174145 (R. rhizogenes, illumina)",agro,TRUE,SRR11174145,illumina,Rhizobium rhizogenes,bacteria,PRJNA607555,10.1126/science.aba547,RO_11.4,Rose,2010,,,,,bact,,,,,,,,,Ti
Should be A. tumefaciens,"SRR11174143 (A. tumefaciens, illumina)",agro,TRUE,SRR11174143,illumina,Agrobacterium tumefaciens,bacteria,PRJNA607555,10.1126/science.aba548,LMG_292,Lettuce,1974,,,,,bact,,,,,,,,,NA
Should be A. tumefaciens,"SRR11174140 (A. tumefaciens, illumina)",agro,TRUE,SRR11174140,illumina,Agrobacterium tumefaciens,bacteria,PRJNA607555,10.1126/science.aba549,IL15,Rose,NA,,,,,bact,,,,,,,,,Ti
Should be A. tumefaciens,"SRR11174139 (A. tumefaciens, illumina)",agro,TRUE,SRR11174139,illumina,Agrobacterium tumefaciens,bacteria,PRJNA607555,10.1126/science.aba550,J3/75,Apple,1975,,,,,bact,,,,,,,,,Ti
Should be A. rubi,"SRR11174137 (A. rubi, illumina)",agro,TRUE,SRR11174137,illumina,Agrobacterium rubi,bacteria,PRJNA607555,10.1126/science.aba551,AS2A7,,,,,,,bact,,,,,,,,,Ti
Should be A. fabrum,"SRR23117879 (A. fabrum, illumina)",agro,TRUE,SRR23117879,illumina,Agrobacterium fabrum,bacteria,PRJNA607555,10.1126/science.aba552,2788,,,,,,,bact,,,,,,,,,Ti
Should be R. lusitanum,"SRR11174134 (R. lusitanum, illumina)",agro;mixed,TRUE,SRR11174134,illumina,Rhizobium lusitanum,bacteria,PRJNA607555,10.1126/science.aba553,AF27/95,Lilac,,,,,,mixed,bact,,,,,,,,
Should be A. tumefaciens,"SRR11174132 (A. tumefaciens, illumina)",agro,TRUE,SRR11174132,illumina,Agrobacterium tumefaciens,bacteria,PRJNA607555,10.1126/science.aba554,K224,Chrysanthemum,,,,,,bact,,,,,,,,,Ti
Should be A. fabrum,"SRR11174131 (A. fabrum, illumina)",agro,TRUE,SRR11174131,illumina,Agrobacterium fabrum,bacteria,PRJNA607555,10.1126/science.aba555,N40/94,Raspberry,1994,,,,,bact,,,,,,,,,Ti
Should be A. tumefaciens,"SRR11174130 (A. tumefaciens, illumina)",agro,TRUE,SRR11174130,illumina,Agrobacterium tumefaciens,bacteria,PRJNA607555,10.1126/science.aba556,J2/75,Apple,1975,,,,,bact,,,,,,,,,Ti
Should be A. rubi,"SRR11174129 (A. rubi, illumina)",agro,TRUE,SRR11174129,illumina,Agrobacterium rubi,bacteria,PRJNA607555,10.1126/science.aba557,Eu3-2NK,Euonymous,,,,,,bact,,,,,,,,,Ti
Should be R. rhizogenes,"SRR11174127 (R. rhizogenes, illumina)",agro,TRUE,SRR11174127,illumina,Rhizobium rhizogenes,bacteria,PRJNA607555,10.1126/science.aba558,T155/95,Grape,,,,,,bact,,,,,,,,,Ri
Should be A. rubi,"SRR11174126 (A. rubi, illumina)",agro,TRUE,SRR11174126,illumina,Agrobacterium rubi,bacteria,PRJNA607555,10.1126/science.aba559,Eu2-1RS,Euonymous,,,,,,bact,,,,,,,,,Ti
Should be A. rubi,"SRR11174125 (A. rubi, illumina)",agro,TRUE,SRR11174125,illumina,Agrobacterium rubi,bacteria,PRJNA607555,10.1126/science.aba560,Eu2-1NK,Euonymous,,,,,,bact,,,,,,,,,Ti
Should be A. rubi,"SRR11174123 (A. rubi, illumina)",agro;mixed,TRUE,SRR11174123,illumina,Agrobacterium rubi,bacteria,PRJNA607555,10.1126/science.aba561,Eu3-2RS,Euonymous,,,,,,bact,,,,,,,,,Ti
Should be R. rhizogenes,"SRR11174026 (R. rhizogenes, illumina)",agro,TRUE,SRR11174026,illumina,Rhizobium rhizogenes,bacteria,PRJNA607555,10.1126/science.aba562,S32/96,Almond,,,,,,bact,,,,,,,,,Ti
Should be A. tumefaciens,"SRR11174018 (A. tumefaciens, illumina)",agro,TRUE,SRR11174018,illumina,Agrobacterium tumefaciens,bacteria,PRJNA607555,10.1126/science.aba563,1D1609,Alfalfa,NA,,,,,bact,,,,,,,,,Ti
Should be A. fabrum,"SRR11174016 (A. fabrum, illumina)",agro,TRUE,SRR11174016,illumina,Agrobacterium fabrum,bacteria,PRJNA607555,10.1126/science.aba564,1D132,Cherry,NA,,,,,bact,,,,,,,,,Ti
Should be A. vitis,"SRR11174013 (A. vitis, illumina)",agro,TRUE,SRR11174013,illumina,Agrobacterium vitis,bacteria,PRJNA607555,10.1126/science.aba565,CG678,Grape,NA,,,,,bact,,,,,,,,,Ti
Should be A. vitis,"SRR11174012 (A. vitis, illumina)",agro,TRUE,SRR11174012,illumina,Agrobacterium vitis,bacteria,PRJNA607555,10.1126/science.aba566,CG78,Grape,NA,,,,,bact,,,,,,,,,Ti
Should be A. vitis,"SRR11174011 (A. vitis, illumina)",agro,TRUE,SRR11174011,illumina,Agrobacterium vitis,bacteria,PRJNA607555,10.1126/science.aba567,F2/5,Grape,NA,,,,,bact,,,,,,,,,NA
Should be A. fabrum,"SRR11174009 (A. fabrum, illumina)",agro;mixed,TRUE,SRR11174009,illumina,Agrobacterium fabrum,bacteria,PRJNA607555,10.1126/science.aba568,12D13,,NA,,,,,mixed,bact,,,,,,,,
Should be A. tumefaciens,"SRR11174008 (A. tumefaciens, illumina)",agro,TRUE,SRR11174008,illumina,Agrobacterium tumefaciens,bacteria,PRJNA607555,10.1126/science.aba569,A6,Raspberry,NA,,,,,bact,,,,,,,,,Ti
Should be A. tumefaciens,"SRR11174007 (A. tumefaciens, illumina)",agro,TRUE,SRR11174007,illumina,Agrobacterium tumefaciens,bacteria,PRJNA607555,10.1126/science.aba570,GC1A3,Lobelia,,,,,,bact,,,,,,,,,Ti
Should be A. rubi,"SRR11174004 (A. rubi, illumina)",agro,TRUE,SRR11174004,illumina,Agrobacterium rubi,bacteria,PRJNA607555,10.1126/science.aba571,A19/93,Euonymus,1993,,,,,bact,,,,,,,,,Ti
Should be A. tumefaciens,"SRR11174002 (A. tumefaciens, illumina)",agro,TRUE,SRR11174002,illumina,Agrobacterium tumefaciens,bacteria,PRJNA607555,10.1126/science.aba572,P22/94,Aspen,1994,,,,,bact,,,,,,,,,Ti
Should be A. tumefaciens,"SRR11174001 (A. tumefaciens, illumina)",agro,TRUE,SRR11174001,illumina,Agrobacterium tumefaciens,bacteria,PRJNA607555,10.1126/science.aba573,W10/94,Walnut,1994,,,,,bact,,,,,,,,,Ti
Should be A. fabrum,"SRR11174000 (A. fabrum, illumina)",agro,TRUE,SRR11174000,illumina,Agrobacterium fabrum,bacteria,PRJNA607555,10.1126/science.aba574,N33/94,Raspberry,1994,,,,,bact,,,,,,,,,Ti
Should be R. rhizogenes,"SRR11173999 (R. rhizogenes, illumina)",agro,TRUE,SRR11173999,illumina,Rhizobium rhizogenes,bacteria,PRJNA607555,10.1126/science.aba575,Z4/95,Apricot,1995,,,,,bact,,,,,,,,,Ti
Should be R. rhizogenes,"SRR11174119 (R. rhizogenes, illumina)",agro,TRUE,SRR11174119,illumina,Rhizobium rhizogenes,bacteria,PRJNA607555,10.1126/science.aba576,Y79/96,Rhododendron,1996,,,,,bact,,,,,,,,,NA
Should be R. rhizogenes,"SRR11174028 (R. rhizogenes, illumina)",agro,TRUE,SRR11174028,illumina,Rhizobium rhizogenes,bacteria,PRJNA607555,10.1126/science.aba577,T5/73,Rose,1973,,,,,bact,,,,,,,,,Ri
Should be A. tumefaciens,"SRR11174208 (A. tumefaciens, illumina)",agro,TRUE,SRR11174208,illumina,Agrobacterium tumefaciens,bacteria,PRJNA607555,10.1126/science.aba578,H25/79,Rose,1979,,,,,bact,,,,,,,,,Ti
Should be R. rhizogenes,"SRR11174207 (R. rhizogenes, illumina)",agro,TRUE,SRR11174207,illumina,Rhizobium rhizogenes,bacteria,PRJNA607555,10.1126/science.aba579,P23/94,Aspen,1994,,,,,bact,,,,,,,,,Ti
Should be A. tumefaciens,"SRR11174206 (A. tumefaciens, illumina)",agro,TRUE,SRR11174206,illumina,Agrobacterium tumefaciens,bacteria,PRJNA607555,10.1126/science.aba580,O16/94,Blueberry,1994,,,,,bact,,,,,,,,,NA
Should be A. tumefaciens,"SRR11174204 (A. tumefaciens, illumina)",agro,TRUE,SRR11174204,illumina,Agrobacterium tumefaciens,bacteria,PRJNA607555,10.1126/science.aba581,T90/95,Grape,1995,,,,,bact,,,,,,,,,NA
Should be R. skierniewicense,"SRR11174202 (R. skierniewicense, illumina)",agro;mixed,TRUE,SRR11174202,illumina,Rhizobium skierniewicense,bacteria,PRJNA607555,10.1126/science.aba582,Di1472,Shasta Daisy,NA,,,,,bact,,,,,,,,,Ti
Should be A. fabrum,"SRR11174201 (A. fabrum, illumina)",agro,TRUE,SRR11174201,illumina,Agrobacterium fabrum,bacteria,PRJNA607555,10.1126/science.aba583,Di1525a,Peony,NA,,,,,mixed,bact,,,,,,,,
Should be A. tumefaciens,"SRR24424782 (A. tumefaciens, illumina)",agro,TRUE,SRR24424782,illumina,Agrobacterium tumefaciens,bacteria,PRJNA607555,10.1126/science.aba584,O54/95,Cherry,1995,,,,,bact,,,,,,,,,Ti
Should be R. rhizogenes,"SRR11174198 (R. rhizogenes, illumina)",agro,TRUE,SRR11174198,illumina,Rhizobium rhizogenes,bacteria,PRJNA607555,10.1126/science.aba585,X1/95,Peach,1995,,,,,bact,,,,,,,,,Ti
Should be A. tumefaciens,"SRR11174191 (A. tumefaciens, illumina)",agro,TRUE,SRR11174191,illumina,Agrobacterium tumefaciens,bacteria,PRJNA607555,10.1126/science.aba586,G9/79,Poplar,1979,,,,,bact,,,,,,,,,Ti
Should be A. tumefaciens,"SRR11174187 (A. tumefaciens, illumina)",agro,TRUE,SRR11174187,illumina,Agrobacterium tumefaciens,bacteria,PRJNA607555,10.1126/science.aba587,K196/80,Chrysanthemum,1980,,,,,bact,,,,,,,,,Ti
Should be A. tumefaciens,"SRR11174185 (A. tumefaciens, illumina)",agro,TRUE,SRR11174185,illumina,Agrobacterium tumefaciens,bacteria,PRJNA607555,10.1126/science.aba588,M56/79,Cottonwood,1979,,,,,bact,,,,,,,,,Ti
Should be R. rhizogenes,"SRR11174184 (R. rhizogenes, illumina)",agro,TRUE,SRR11174184,illumina,Rhizobium rhizogenes,bacteria,PRJNA607555,10.1126/science.aba589,P1/75,Dahlia,1975,,,,,bact,,,,,,,,,Ti
Should be A. tumefaciens,"SRR11174183 (A. tumefaciens, illumina)",agro,TRUE,SRR11174183,illumina,Agrobacterium tumefaciens,bacteria,PRJNA607555,10.1126/science.aba590,Y2/73,Dahlia,1973,,,,,bact,,,,,,,,,Ti
Should be A. tumefaciens,"SRR11174115 (A. tumefaciens, illumina)",agro,TRUE,SRR11174115,illumina,Agrobacterium tumefaciens,bacteria,PRJNA607555,10.1126/science.aba591,YO0101,Aster,2002,,,,,bact,,,,,,,,,Ti
Should be A. tumefaciens,"SRR11174109 (A. tumefaciens, illumina)",agro;mixed,TRUE,SRR11174109,illumina,Agrobacterium tumefaciens,bacteria,PRJNA607555,10.1126/science.aba592,K599,Cucumber,1974,,,,,bact,,,,,,,,,Ri
Should be A. tumefaciens,"SRR11174107 (A. tumefaciens, illumina)",agro;mixed,TRUE,SRR11174107,illumina,Agrobacterium tumefaciens,bacteria,PRJNA607555,10.1126/science.aba593,NCPPB_2655,Cucumber,1974,,,,,bact,,,,,,,,,Ri
Should be A. salinitolerans,"SRR11174106 (A. salinitolerans, illumina)",agro;mixed,TRUE,SRR11174106,illumina,Agrobacterium salinitolerans,bacteria,PRJNA607555,10.1126/science.aba594,NCPPB_2657,Cucumber,1974,,,,,bact,,,,,,,,,Ri
Should be A. tumefaciens,"SRR11174104 (A. tumefaciens, illumina)",agro;mixed,TRUE,SRR11174104,illumina,Agrobacterium tumefaciens,bacteria,PRJNA607555,10.1126/science.aba594,17-1344a,Marguerite daisy,2017,S9_N48,,Client17,,bact,,,,,,,,,Ti
Should be A. tumefaciens,"SRR11174103 (A. tumefaciens, illumina)",agro;mixed,TRUE,SRR11174103,illumina,Agrobacterium tumefaciens,bacteria,PRJNA607555,10.1126/science.aba594,17-1344b,Marguerite daisy,2017,S9_N48,,Client17,,bact,,,,,,,,,Ti
Should be A. tumefaciens,"SRR11174102 (A. tumefaciens, illumina)",agro;mixed,TRUE,SRR11174102,illumina,Agrobacterium tumefaciens,bacteria,PRJNA607555,10.1126/science.aba594,17-1347a,Marguerite daisy,2017,S9_N48,,Client17,,bact,,,,,,,,,Ti
Should be A. tumefaciens,"SRR11174101 (A. tumefaciens, illumina)",agro;mixed,TRUE,SRR11174101,illumina,Agrobacterium tumefaciens,bacteria,PRJNA607555,10.1126/science.aba594,17-1347b,Marguerite daisy,2017,S9_N48,,Client17,,bact,,,,,,,,,Ti
Should be A. tumefaciens,"SRR11174100 (A. tumefaciens, illumina)",agro;mixed,TRUE,SRR11174100,illumina,Agrobacterium tumefaciens,bacteria,PRJNA607555,10.1126/science.aba594,17-1345-1a,Marguerite daisy,2017,S9_N48,,Client17,,bact,,,,,,,,,Ti
Should be A. tumefaciens,"SRR11174099 (A. tumefaciens, illumina)",agro;mixed,TRUE,SRR11174099,illumina,Agrobacterium tumefaciens,bacteria,PRJNA607555,10.1126/science.aba594,17-1345-1b,Marguerite daisy,2017,S9_N48,,Client17,,mixed,bact,,,,,,,,
Should be A. tumefaciens,SRR11174098 (A. tumefaciens, illumina),TRUE,SRR11174098,illumina,Agrobacterium tumefaciens,bacteria,PRJNA607555,10.1126/science.aba594,17-1346-1b,Marguerite daisy,2017,S9_N48,,Client17,,bact,,,,,,,,,Ti
Should be A. tumefaciens,"SRR11174097 (A. tumefaciens, illumina)",agro;mixed,TRUE,SRR11174097,illumina,Agrobacterium tumefaciens,bacteria,PRJNA607555,10.1126/science.aba594,17-1474-1a,Shasta daisy,2017,S8_N32,,Client18,,bact,,,,,,,,,Ti
Should be A. tumefaciens,"SRR11174096 (A. tumefaciens, illumina)",agro;mixed,TRUE,SRR11174096,illumina,Agrobacterium tumefaciens,bacteria,PRJNA607555,10.1126/science.aba594,17-1474-1b,Shasta daisy,2017,S8_N32,,Client18,,bact,,,,,,,,,Ti
Should be A. tumefaciens,"SRR11174095 (A. tumefaciens, illumina)",agro;mixed,TRUE,SRR11174095,illumina,Agrobacterium tumefaciens,bacteria,PRJNA607555,10.1126/science.aba594,17-1474-1c,Shasta daisy,2017,S8_N32,,Client18,,bact,,,,,,,,,Ti
Should be A. tumefaciens,"SRR11174093 (A. tumefaciens, illumina)",agro;mixed,TRUE,SRR11174093,illumina,Agrobacterium tumefaciens,bacteria,PRJNA607555,10.1126/science.aba594,17-1474-1d,Shasta daisy,2017,S8_N32,,Client18,,bact,,,,,,,,,Ti
Should be A. tumefaciens,"SRR11174092 (A. tumefaciens, illumina)",agro;mixed,TRUE,SRR11174092,illumina,Agrobacterium tumefaciens,bacteria,PRJNA607555,10.1126/science.aba594,17-1474-1e,Shasta daisy,2017,S8_N32,,Client18,,bact,,,,,,,,,Ti
Should be A. tumefaciens,"SRR11174180 (A. tumefaciens, illumina)",agro;mixed,TRUE,SRR11174180,illumina,Agrobacterium tumefaciens,bacteria,PRJNA607555,10.1126/science.aba594,17-1474ai,Shasta daisy,2017,S8_N32,,Client18,,bact,,,,,,,,,Ti
Should be A. tumefaciens,"SRR11174179 (A. tumefaciens, illumina)",agro;mixed,TRUE,SRR11174179,illumina,Agrobacterium tumefaciens,bacteria,PRJNA607555,10.1126/science.aba594,17-1474aii,Shasta daisy,2017,S8_N32,,Client18,,bact,,,,,,,,,Ti
Should be A. tumefaciens,"SRR11174178 (A. tumefaciens, illumina)",agro;mixed,TRUE,SRR11174178,illumina,Agrobacterium tumefaciens,bacteria,PRJNA607555,10.1126/science.aba594,17-1474bi,Shasta daisy,2017,S8_N32,,Client18,,bact,,,,,,,,,Ti
Should be A. tumefaciens,"SRR11174177 (A. tumefaciens, illumina)",agro;mixed,TRUE,SRR11174177,illumina,Agrobacterium tumefaciens,bacteria,PRJNA607555,10.1126/science.aba594,17-1474bii,Shasta daisy,2017,S8_N32,,Client18,,bact,,,,,,,,,Ti
Should be A. tumefaciens,"SRR11174176 (A. tumefaciens, illumina)",agro;mixed,TRUE,SRR11174176,illumina,Agrobacterium tumefaciens,bacteria,PRJNA607555,10.1126/science.aba594,17-1474ci,Shasta daisy,2017,S8_N32,,Client18,,bact,,,,,,,,,Ti
Should be A. tumefaciens,"SRR11174175 (A. tumefaciens, illumina)",agro;mixed,TRUE,SRR11174175,illumina,Agrobacterium tumefaciens,bacteria,PRJNA607555,10.1126/science.aba594,17-1474cii,Shasta daisy,2017,S8_N32,,Client18,,bact,,,,,,,,,Ti
Should be A. tumefaciens,"SRR11174174 (A. tumefaciens, illumina)",agro,TRUE,SRR11174174,illumina,Agrobacterium tumefaciens,bacteria,PRJNA607555,10.1126/science.aba594,17-1474di,Shasta daisy,2017,S8_N32,,Client18,,bact,,,,,,,,,Ti
Should be A. tumefaciens,"SRR11174173 (A. tumefaciens, illumina)",agro,TRUE,SRR11174173,illumina,Agrobacterium tumefaciens,bacteria,PRJNA607555,10.1126/science.aba594,17-1474dii,Shasta daisy,2017,S8_N32,,Client18,,bact,,,,,,,,,Ti
Should be A. tumefaciens,"SRR11174171 (A. tumefaciens, illumina)",agro,TRUE,SRR11174171,illumina,Agrobacterium tumefaciens,bacteria,PRJNA607555,10.1126/science.aba594,17-1474ei,Shasta daisy,2017,S8_N32,,Client18,,bact,,,,,,,,,Ti
Should be A. tumefaciens,"SRR11174170 (A. tumefaciens, illumina)",agro,TRUE,SRR11174170,illumina,Agrobacterium tumefaciens,bacteria,PRJNA607555,10.1126/science.aba594,17-1802-1a,Shasta daisy,2017,S4_N15,,Client19,,bact,,,,,,,,,Ti
Should be A. tumefaciens,"SRR11174169 (A. tumefaciens, illumina)",agro,TRUE,SRR11174169,illumina,Agrobacterium tumefaciens,bacteria,PRJNA607555,10.1126/science.aba594,17-1802-1b,Shasta daisy,2017,S4_N15,,Client19,,bact,,,,,,,,,Ti
Should be A. tumefaciens,"SRR11174168 (A. tumefaciens, illumina)",agro,TRUE,SRR11174168,illumina,Agrobacterium tumefaciens,bacteria,PRJNA607555,10.1126/science.aba594,17-1803-1b,Shasta daisy,2017,S4_N15,,Client19,,bact,,,,,,,,,Ti
Should be A. tumefaciens,"SRR11174167 (A. tumefaciens, illumina)",agro,TRUE,SRR11174167,illumina,Agrobacterium tumefaciens,bacteria,PRJNA607555,10.1126/science.aba594,17-1804-1a,Shasta daisy,2017,S4_N15,,Client19,,bact,,,,,,,,,Ti
Should be A. tumefaciens,"SRR11174166 (A. tumefaciens, illumina)",agro,TRUE,SRR11174166,illumina,Agrobacterium tumefaciens,bacteria,PRJNA607555,10.1126/science.aba594,17-1853-1a,Shasta daisy,2017,S9_N47,,Client20,,bact,,,,,,,,,Ti
Should be A. tumefaciens,"SRR11174165 (A. tumefaciens, illumina)",agro,TRUE,SRR11174165,illumina,Agrobacterium tumefaciens,bacteria,PRJNA607555,10.1126/science.aba594,17-1853-1b,Shasta daisy,2017,S9_N47,,Client20,,bact,,,,,,,,,Ti
Should be A. tumefaciens,"SRR11174164 (A. tumefaciens, illumina)",agro,TRUE,SRR11174164,illumina,Agrobacterium tumefaciens,bacteria,PRJNA607555,10.1126/science.aba594,17-1853-1c,Shasta daisy,2017,S9_N47,,Client20,,bact,,,,,,,,,Ti
Should be A. tumefaciens,"SRR11174163 (A. tumefaciens, illumina)",agro,TRUE,SRR11174163,illumina,Agrobacterium tumefaciens,bacteria,PRJNA607555,10.1126/science.aba594,17-2069-2b,Blackberry,2017,S6_N23,,Client21,,bact,,,,,,,,,Ti
Should be A. tumefaciens,"SRR11174162 (A. tumefaciens, illumina)",agro,TRUE,SRR11174162,illumina,Agrobacterium tumefaciens,bacteria,PRJNA607555,10.1126/science.aba594,17-2069-2c,Blackberry,2017,S6_N23,,Client21,,bact,,,,,,,,,Ti
Should be A. tumefaciens,"SRR11174160 (A. tumefaciens, illumina)",agro,TRUE,SRR11174160,illumina,Agrobacterium tumefaciens,bacteria,PRJNA607555,10.1126/science.aba594,17-642-1b,Impatiens,2017,C7_N18,,Client22,,bact,,,,,,,,,Ti
Should be A. tumefaciens,"SRR11174159 (A. tumefaciens, illumina)",agro,TRUE,SRR11174159,illumina,Agrobacterium tumefaciens,bacteria,PRJNA607555,10.1126/science.aba594,17-642-2b,Impatiens,2017,C7_N18,,Client22,,bact,,,,,,,,,Ti
Should be A. tumefaciens,"SRR11174158 (A. tumefaciens, illumina)",agro,TRUE,SRR11174158,illumina,Agrobacterium tumefaciens,bacteria,PRJNA607555,10.1126/science.aba594,17-713-1ia,Lobelia,2017,C7_N18,,Client22,,bact,,,,,,,,,Ti
Should be A. tumefaciens,"SRR11174157 (A. tumefaciens, illumina)",agro,TRUE,SRR11174157,illumina,Agrobacterium tumefaciens,bacteria,PRJNA607555,10.1126/science.aba594,17-713-1ib,Lobelia,2017,C7_N18,,Client22,,bact,,,,,,,,,Ti
Should be A. tumefaciens,"SRR11174156 (A. tumefaciens, illumina)",agro,TRUE,SRR11174156,illumina,Agrobacterium tumefaciens,bacteria,PRJNA607555,10.1126/science.aba594,17-713-1ic,Lobelia,2017,C7_N18,,Client22,,bact,,,,,,,,,Ti
Should be A. tumefaciens,"SRR11174155 (A. tumefaciens, illumina)",agro,TRUE,SRR11174155,illumina,Agrobacterium tumefaciens,bacteria,PRJNA607555,10.1126/science.aba594,17-713-1id,Lobelia,2017,C7_N18,,Client22,,bact,,,,,,,,,Ti
Should be A. tumefaciens,"SRR11174154 (A. tumefaciens, illumina)",agro,TRUE,SRR11174154,illumina,Agrobacterium tumefaciens,bacteria,PRJNA607555,10.1126/science.aba594,17-713-1ie,Lobelia,2017,C7_N18,,Client22,,bact,,,,,,,,,Ti
Should be A. tumefaciens,"SRR11174153 (A. tumefaciens, illumina)",agro,TRUE,SRR11174153,illumina,Agrobacterium tumefaciens,bacteria,PRJNA607555,10.1126/science.aba594,17-713-1if,Lobelia,2017,C7_N18,,Client22,,bact,,,,,,,,,Ti
Should be A. tumefaciens,"SRR11174091 (A. tumefaciens, illumina)",agro,TRUE,SRR11174091,illumina,Agrobacterium tumefaciens,bacteria,PRJNA607555,10.1126/science.aba594,17-713-1ig,Lobelia,2017,C7_N18,,Client22,,bact,,,,,,,,,Ti
Should be A. tumefaciens,"SRR11174090 (A. tumefaciens, illumina)",agro,TRUE,SRR11174090,illumina,Agrobacterium tumefaciens,bacteria,PRJNA607555,10.1126/science.aba594,17-713-1iv,Lobelia,2017,C7_N18,,Client22,,bact,,,,,,,,,Ti
Should be A. tumefaciens,"SRR11174088 (A. tumefaciens, illumina)",agro,TRUE,SRR11174088,illumina,Agrobacterium tumefaciens,bacteria,PRJNA607555,10.1126/science.aba594,17-713-lik,Lobelia,2017,C7_N18,,Client22,,bact,,,,,,,,,Ti
Should be A. tumefaciens,"SRR11174087 (A. tumefaciens, illumina)",agro,TRUE,SRR11174087,illumina,Agrobacterium tumefaciens,bacteria,PRJNA607555,10.1126/science.aba594,17-713-lii,Lobelia,2017,C7_N18,,Client22,,bact,,,,,,,,,Ti
Should be A. tumefaciens,"SRR11174086 (A. tumefaciens, illumina)",agro,TRUE,SRR11174086,illumina,Agrobacterium tumefaciens,bacteria,PRJNA607555,10.1126/science.aba594,17-713-1iii,Lobelia,2017,C7_N18,,Client22,,bact,,,,,,,,,Ti
Should be A. tumefaciens,"SRR11174085 (A. tumefaciens, illumina)",agro,TRUE,SRR11174085,illumina,Agrobacterium tumefaciens,bacteria,PRJNA607555,10.1126/science.aba594,17-712-1iii,African daisy,2017,C7_N18,,Client22,,bact,,,,,,,,,Ti
Should be A. tumefaciens,"SRR11174084 (A. tumefaciens, illumina)",agro,TRUE,SRR11174084,illumina,Agrobacterium tumefaciens,bacteria,PRJNA607555,10.1126/science.aba594,17-712-1iv_(a),African daisy,2017,C7_N18,,Client22,,bact,,,,,,,,,Ti
Should be A. tumefaciens,"SRR11174083 (A. tumefaciens, illumina)",agro,TRUE,SRR11174083,illumina,Agrobacterium tumefaciens,bacteria,PRJNA607555,10.1126/science.aba594,17-712-1iv_(b),African daisy,2017,C7_N18,,Client22,,bact,,,,,,,,,Ti
Should be A. tumefaciens,"SRR11174082 (A. tumefaciens, illumina)",agro,TRUE,SRR11174082,illumina,Agrobacterium tumefaciens,bacteria,PRJNA607555,10.1126/science.aba594,17-712-1iv_(c),African daisy,2017,C7_N18,,Client22,,bact,,,,,,,,,Ti
Should be A. tumefaciens,"SRR11174081 (A. tumefaciens, illumina)",agro,TRUE,SRR11174081,illumina,Agrobacterium tumefaciens,bacteria,PRJNA607555,10.1126/science.aba594,17-712-1iv_(d),African daisy,2017,C7_N18,,Client22,,bact,,,,,,,,,Ti
Should be A. tumefaciens,"SRR11174080 (A. tumefaciens, illumina)",agro,TRUE,SRR11174080,illumina,Agrobacterium tumefaciens,bacteria,PRJNA607555,10.1126/science.aba594,17-712-1iv_(e),African daisy,2017,C7_N18,,Client22,,bact,,,,,,,,,Ti
Should be A. tumefaciens,"SRR11174079 (A. tumefaciens, illumina)",agro,TRUE,SRR11174079,illumina,Agrobacterium tumefaciens,bacteria,PRJNA607555,10.1126/science.aba594,17-712-1iv_(f),African daisy,2017,C7_N18,,Client22,,bact,,,,,,,,,Ti
Should be A. tumefaciens,"SRR11174077 (A. tumefaciens, illumina)",agro,TRUE,SRR11174077,illumina,Agrobacterium tumefaciens,bacteria,PRJNA607555,10.1126/science.aba594,17-712a-1ii,African daisy,2017,C7_N18,,Client22,,mixed,bact,,,,,,,,
Should be A. tumefaciens,"SRR11174076 (A. tumefaciens, illumina)",agro,TRUE,SRR11174076,illumina,Agrobacterium tumefaciens,bacteria,PRJNA607555,10.1126/science.aba594,17-712b-1ii,African daisy,2017,C7_N18,,Client22,,bact,,,,,,,,,Ti
Should be A. tumefaciens,"SRR11174075 (A. tumefaciens, illumina)",agro,TRUE,SRR11174075,illumina,Agrobacterium tumefaciens,bacteria,PRJNA607555,10.1126/science.aba594,17-712c-1ii,African daisy,2017,C7_N18,,Client22,,bact,,,,,,,,,Ti
Should be A. tumefaciens,"SRR11174074 (A. tumefaciens, illumina)",agro,TRUE,SRR11174074,illumina,Agrobacterium tumefaciens,bacteria,PRJNA607555,10.1126/science.aba594,17-712d-1ii,African daisy,2017,C7_N18,,Client22,,bact,,,,,,,,,Ti
Should be A. tumefaciens,"SRR11174073 (A. tumefaciens, illumina)",agro,TRUE,SRR11174073,illumina,Agrobacterium tumefaciens,bacteria,PRJNA607555,10.1126/science.aba594,17-712e-1ii,African daisy,2017,C7_N18,,Client22,,bact,,,,,,,,,Ti
Should be A. tumefaciens,"SRR11174072 (A. tumefaciens, illumina)",agro,TRUE,SRR11174072,illumina,Agrobacterium tumefaciens,bacteria,PRJNA607555,10.1126/science.aba594,17-712g-1ii,African daisy,2017,C7_N18,,Client22,,bact,,,,,,,,,Ti
Should be A. tumefaciens,"SRR11174071 (A. tumefaciens, illumina)",agro,TRUE,SRR11174071,illumina,Agrobacterium tumefaciens,bacteria,PRJNA607555,10.1126/science.aba594,17-712h-1ii,African daisy,2017,C7_N18,,Client22,,bact,,,,,,,,,Ti
Should be A. tumefaciens,"SRR11174070 (A. tumefaciens, illumina)",agro,TRUE,SRR11174070,illumina,Agrobacterium tumefaciens,bacteria,PRJNA607555,10.1126/science.aba594,17-1007,Lantana,2017,C7_N18,,Client22,,bact,,,,,,,,,NA
Should be A. tumefaciens,"SRR11174069 (A. tumefaciens, illumina)",agro,TRUE,SRR11174069,illumina,Agrobacterium tumefaciens,bacteria,PRJNA607555,10.1126/science.aba594,17-1008,Lantana,2017,C7_N18,,Client22,,bact,,,,,,,,,NA
Should be A. tumefaciens,"SRR11174068 (A. tumefaciens, illumina)",agro,TRUE,SRR11174068,illumina,Agrobacterium tumefaciens,bacteria,PRJNA607555,10.1126/science.aba594,17-1009,Pentas,2017,C7_N18,,Client22,,bact,,,,,,,,,NA
Should be A. tumefaciens,"SRR11174065 (A. tumefaciens, illumina)",agro,TRUE,SRR11174065,illumina,Agrobacterium tumefaciens,bacteria,PRJNA607555,10.1126/science.aba594,17-1850-1cii,Tarragon,2017,C10_N49,,Client23,,bact,,,,,,,,,NA
Should be A. tumefaciens,"SRR11174064 (A. tumefaciens, illumina)",agro,TRUE,SRR11174064,illumina,Agrobacterium tumefaciens,bacteria,PRJNA607555,10.1126/science.aba594,17-1850-1d,Tarragon,2017,C10_N49,,Client23,,bact,,,,,,,,,NA
Should be A. tumefaciens,"SRR11174063 (A. tumefaciens, illumina)",agro,TRUE,SRR11174063,illumina,Agrobacterium tumefaciens,bacteria,PRJNA607555,10.1126/science.aba594,17-1850B-1a,Tarragon,2017,C10_N49,,Client23,,bact,,,,,,,,,NA
Should be A. tumefaciens,"SRR11174062 (A. tumefaciens, illumina)",agro;mixed,TRUE,SRR11174062,illumina,Agrobacterium tumefaciens,bacteria,PRJNA607555,10.1126/science.aba594,17-1850B-1b,Tarragon,2017,C10_N49,,Client23,,bact,,,,,,,,,NA
Should be A. tumefaciens,"SRR11174061 (A. tumefaciens, illumina)",agro;mixed,TRUE,SRR11174061,illumina,Agrobacterium tumefaciens,bacteria,PRJNA607555,10.1126/science.aba594,16-1607-1A,Blueberry,2016,S6_N50,,Client24,,bact,,,,,,,,,NA
Should be A. tumefaciens,"SRR11175555 (A. tumefaciens, illumina)",agro;mixed,TRUE,SRR11175555,illumina,Agrobacterium tumefaciens,bacteria,PRJNA607555,10.1126/science.aba594,17-1474eii,Shasta daisy,2017,S8_N32,,Client25,,bact,,,,,,,,,Ti
Should be M. enterolobii,"ERR3842627 (M. enterolobii, illumina)",meloidegyne;mixed,TRUE,ERR3842627,illumina,Meloidogyne enterolobii,nematode,PRJEB36431,,,,2020,,,Client26,,mixed,nematode,,,,,,,,
Should be H. glycines,"SRR9644798 (H. glycines, illumina)",heterodera,TRUE,SRR9644798,illumina,Heterodera glycines,nematode,PRJNA535374,,X12,,2018,,,,,mixed,nematode,,,,,,,,
Should be A. gossypii,"SRR14552458 (A. gossypii, pacbio)",aphid;mixed,TRUE,SRR14552458,pacbio,Aphis gossypii,insect,PRJNA719918,10.1111/1755-0998.13521,cma_hap1,cotton,,,,Client27,,mixed,insect,,,,,,,,
Should be A. gossypii,"SRR14552461 (A. gossypii, nanopore)",aphid,TRUE,SRR14552461,nanopore,Aphis gossypii,insect,PRJNA719918,10.1111/1755-0998.13521,cma_hap3,cucumber,,,,Client27,,mixed,insect,,,,,,,,
Should be H. glycines,"SRR19847339 (H. glycines, illumina)",heterodera;mixed,TRUE,SRR19847339,illumina,Heterodera glycines,nematode,PRJNA852516,,MM26,,,,,,,mixed,nematode,,,,,,,,
Should be H. glycines,"SRR20231390 (H. glycines, pacbio)",heterodera,TRUE,SRR20231390,pacbio,Heterodera glycines,nematode,PRJNA852521,,PA3,,,,,,,mixed,nematode,,,,,,,,
Should be P. scribneri,"SRR23381582 (P. scribneri, pacbio)",pratylenchus,TRUE,SRR23381582,pacbio,Pratylenchus scribneri,nematode,PRJNA932437,,ND,,,,,,,mixed,nematode,,,,,,,,
Should be U. loliicola,"SRR19529320 (U. loliicola, pacbio)",ustilago,TRUE,SRR19529320,pacbio,Ustilago loliicola,fungi,PRJNA698760,10.1128/spectrum.00349-22,Ustilago_loliicola,,,,,,,mixed,fungi,,,,,,,,
Should be U. hordei,"SRR18189819 (U. hordei, illumina)",ustilago;mixed,TRUE,SRR18189819,illumina,Ustilago hordei,fungi,PRJNA698760,10.1128/spectrum.00349-28,WGS_Uh811,,,,,Client28,,fungi,,,,,,,,,
Should be U. hordei,"SRR18189820 (U. hordei, illumina)",ustilago,TRUE,SRR18189820,illumina,Ustilago hordei,fungi,PRJNA698760,10.1128/spectrum.00349-29,WGS_Uh805,,,,,Client28,,fungi,,,,,,,,,
Should be U. hordei,"SRR18189821 (U. hordei, illumina)",ustilago,TRUE,SRR18189821,illumina,Ustilago hordei,fungi,PRJNA698760,10.1128/spectrum.00349-30,WGS_Uh359,,,,,Client28,,fungi,,,,,,,,,
Should be B. fabae,"SRR11527076 (B. fabae, illumina)",botrytis;mixed,TRUE,SRR11527076,illumina,Botrytis fabae,fungi,PRJNA624742,10.1094/PHYTO-07-20-0302-FI,B_fabae,Vicia_faba,,Tunisa,,Client29,,fungi,,,,,,,,,
Should be B. cinerea,"SRR11527080 (B. cinerea, illumina)",botrytis;mixed,TRUE,SRR11527080,illumina,Botrytis cinerea,fungi,PRJNA624742,10.1094/PHYTO-07-20-0302-FI,Rf1,Rubus_fruticosus,2005-2007,Champagne_Foissy-sur-Vanne,,Client29,,mixed,fungi,,,,,,,,
Should be B. cinerea,"SRR11527077 (B. cinerea, illumina)",botrytis;mixed,TRUE,SRR11527077,illumina,Botrytis cinerea,fungi,PRJNA624742,10.1094/PHYTO-07-20-0302-FI,Hm1,Hydrangea_macrophylla,,Angers,,Client29,,mixed,fungi,,,,,,,,
Should be B. cinerea,"SRR11527081 (B. cinerea, illumina)",botrytis;mixed,TRUE,SRR11527081,illumina,Botrytis cinerea,fungi,PRJNA624742,10.1094/PHYTO-07-20-0302-FI,Sl13,S_lycopersicum,2005-2007,Champagne_Courceroy,,Client29,,fungi,,,,,,,,,
Should be B. cinerea,"SRR11527079 (B. cinerea, illumina)",botrytis;mixed,TRUE,SRR11527079,illumina,Botrytis cinerea,fungi,PRJNA624742,10.1094/PHYTO-07-20-0302-FI,Vv4,V_vinifera,2005-2007,Champagne_Hautvilliers,,Client29,,fungi,,,,,,,,,
Should be B. cinerea,"SRR11527083 (B. cinerea, illumina)",botrytis,TRUE,SRR11527083,illumina,Botrytis cinerea,fungi,PRJNA624742,10.1094/PHYTO-07-20-0302-FI,Sl11,S_lycopersicum,2009,Occitanie_Alenya,,Client29,,fungi,,,,,,,,,
Should be B. cinerea,"SRR11527082 (B. cinerea, illumina)",botrytis,TRUE,SRR11527082,illumina,Botrytis cinerea,fungi,PRJNA624742,10.1094/PHYTO-07-20-0302-FI,Sl12,S_lycopersicum,2009,Occitanie_Alenya,,Client29,,fungi,,,,,,,,,
Should be B. cinerea,"SRR11527092 (B. cinerea, illumina)",botrytis,TRUE,SRR11527092,illumina,Botrytis cinerea,fungi,PRJNA624742,10.1094/PHYTO-07-20-0302-FI,Sl3,S_lycopersicum,2005-2007,Champagne_Courceroy,,Client29,,fungi,,,,,,,,,
Should be B. cinerea,"SRR11527094 (B. cinerea, illumina)",botrytis,TRUE,SRR11527094,illumina,Botrytis cinerea,fungi,PRJNA624742,10.1094/PHYTO-07-20-0302-FI,Sl1,S_lycopersicum,2005-2007,Champagne_Foissy-sur-Vanne,,Client29,,fungi,,,,,,,,,
Should be B. cinerea,"SRR11527084 (B. cinerea, illumina)",botrytis,TRUE,SRR11527084,illumina,Botrytis cinerea,fungi,PRJNA624742,10.1094/PHYTO-07-20-0302-FI,Sl10,S_lycopersicum,2009,Occitanie_Alenya,,Client29,,fungi,,,,,,,,,
Should be P. insidiosum,"SRR29399310 (P. insidiosum, illumina)",oomycetes;mixed,TRUE,SRR29399310,illumina,Pythium insidiosum,oomycete,PRJNA1123314,,,,,,,,,mixed,,,,,,,,,
Should be P. cedri,"SRR30484503 (P. cedri, illumina)",oomycetes;mixed,TRUE,SRR30484503,illumina,Pythium cedri,oomycete,PRJNA1010138,,,,,,,,,,,,,,,,,,
Should be P. oligandrum,"SRR22586156 (P. oligandrum, pacbio)",oomycetes;mixed,TRUE,SRR22586156,pacbio,Pythium oligandrum,oomycete,PRJNA910369,,,,,,,,,mixed,,,,,,,,,
Should be P. spinosum,"SRR15309484 (P. spinosum, illumina)",oomycetes;mixed,TRUE,SRR15309484 ,illumina,Pythium spinosum,oomycete,PRJNA601986,,CBS 275.67,,,,,,,,,,,,,,,,
Should be P. infestans,"SRR29814928 (P. infestans, illumina)",oomycetes;mixed,TRUE,SRR29814928,illumina,Phytophthora infestans,oomycete,PRJNA1135328,,,,,,,,,,,,,,,,,,
Should be P. cinnamomi,"SRR26197583 (P. cinnamomi, pacbio)",oomycetes;mixed,TRUE,SRR26197583,pacbio,Phytophthora cinnamomi,oomycete,PRJNA1019754,,Pc2109,,,,,,,mixed,,,,,,,,,
Should be P. effusa,"SRR16542347 (P. effusa, illumina)",oomycetes;mixed,TRUE,SRR16542347,illumina,Pernospora effusa,oomycete,PRJNA772192,,,spinach,,,,,,mixed,,,,,,,,,
Should be P. falciparum,"SRR29695256 (P. falciparum, nanopore)",apicomplexa;mixed,TRUE,SRR29695256,nanopore,Plasmodium falciparum,apicomplexa,PRJNA1131459,,,,,,,,,,,,,,,,,,
Should be P. falciparum,"SRR29397006 (P. falciparum, illumina)",apicomplexa;mixed,TRUE,SRR29397006,illumina,Plasmodium falciparum,apicomplexa,PRJNA1119461,,,,,,,,,,,,,,,,,,
Should be P. falciparum,"SRR27942447 (P. falciparum, illumina)",apicomplexa;mixed,TRUE,SRR27942447,illumina,Plasmodium falciparum,apicomplexa,PRJNA1004408,,,,,,,,,,,,,,,,,,
Should be M. oryzae,"ERR2612751 (M. oryzae, nanopore)",magn_or,TRUE,ERR2612751,nanopore,Magnaporthe oryzae,fungi,PRJEB27137,,BR32,wheat,1990,Brazil,,Client1,,fungi,,,,,,,,,
Should be M. oryzae,"ERR2612752 (M. oryzae, nanopore)",magn_or,TRUE,ERR2612752,nanopore,Magnaporthe oryzae,fungi,PRJEB27137,,CD156,wheat,1989,Ivory_Coast,,Client1,,fungi,,,,,,,,,
Should be M. oryzae,"ERR2612753 (M. oryzae, nanopore)",magn_or,TRUE,ERR2612753,nanopore,Magnaporthe oryzae,fungi,PRJEB27137,,BTMP13-1 T,wheat,2016,Bangladesh,,Client1,,fungi,,,,,,,,,
Should be M. oryzae,"ERR2612754 (M. oryzae, nanopore)",magn_or,TRUE,ERR2612754,nanopore,Magnaporthe oryzae,fungi,PRJEB27137,,BTGP1-b,wheat,2017,Bangladesh,,Client1,,fungi,,,,,,,,,
Should be M. oryzae,"ERR2612755 (M. oryzae, nanopore)",magn_or,TRUE,ERR2612755,nanopore,Magnaporthe oryzae,fungi,PRJEB27137,,BTGP6-f,wheat,2017,Bangladesh,,Client1,,fungi,,,,,,,,,
