sample_id,ncbi_accession,sequence_type,sra_2,color_by,Organism,Platform,ReleaseDate,Sample Name,SRA Study,Sample_Name,strain,geo_loc_name_country,geo_loc_name_country_continent,geographic_location_(country_and/or_sea),Serovar,specific_host,Collection_Date,host_health_state,isolation_source,ENA_first_public,ENA_last_update,external_id,Scientific_Name,Submitter_Id,SRA_accession,Title,ploidy
ERR024824,ERR024824,ILLUMINA,SAMEA882278,geo_loc_name_country,Klebsiella pneumoniae,ILLUMINA,2011-03-18T00:00:00Z,SAMEA882278,ERP000165,AJ006-sc-2010-05-07-30747,AJ006,Australia,Oceania,Australia,AJ006,Homo sapiens,2001,diseased,sterile,2010-03-08T08:57:13Z,2018-03-09T09:52:02Z,SAMEA882278,Klebsiella pneumoniae,AJ006-sc-2010-05-07-30747,,,1
ERR024826,ERR024826,ILLUMINA,SAMEA882280,geo_loc_name_country,Klebsiella variicola,ILLUMINA,2011-03-18T00:00:00Z,SAMEA882280,ERP000165,ERS005747,AJ026,Australia,Oceania,Australia,AJ026,Homo sapiens,2001,diseased,respiratory,,,,,,ERS005747,Klebsiella pneumoniae,1
ERR024827,ERR024827,ILLUMINA,SAMEA882273,geo_loc_name_country,Klebsiella variicola,ILLUMINA,2011-03-18T00:00:00Z,SAMEA882273,ERP000165,AJ027-sc-2010-05-07-30750,AJ027,Australia,Oceania,Australia,AJ027,Homo sapiens,2001,diseased,sterile,2010-03-08T08:57:18Z,2018-03-09T09:52:18Z,SAMEA882273,Klebsiella variicola,AJ027-sc-2010-05-07-30750,,,1
ERR024828,ERR024828,ILLUMINA,SAMEA882272,geo_loc_name_country,Klebsiella pneumoniae,ILLUMINA,2011-03-18T00:00:00Z,SAMEA882272,ERP000165,AJ031-sc-2010-05-07-30751,AJ031,Australia,Oceania,Australia,AJ031,Homo sapiens,2001,diseased,urine,2010-03-08T08:57:21Z,2018-03-09T09:52:18Z,SAMEA882272,Klebsiella pneumoniae,AJ031-sc-2010-05-07-30751,,,1
ERR024818,ERR024818,ILLUMINA,SAMEA882001,geo_loc_name_country,Klebsiella pneumoniae,ILLUMINA,2011-03-18T00:00:00Z,SAMEA882001,ERP000165,AJ033-sc-2010-05-07-30752,AJ033,Australia,Oceania,Australia,AJ033,Homo sapiens,2001,diseased,respiratory,2010-03-08T08:57:22Z,2018-03-09T09:52:18Z,SAMEA882001,Klebsiella pneumoniae,AJ033-sc-2010-05-07-30752,,,1
ERR024819,ERR024819,ILLUMINA,SAMEA882002,geo_loc_name_country,Klebsiella pneumoniae,ILLUMINA,2011-03-18T00:00:00Z,SAMEA882002,ERP000165,ERS005751,AJ034,Australia,Oceania,Australia,AJ034,Homo sapiens,2001,diseased,urine,,,,,,ERS005751,Klebsiella pneumoniae,1
ERR024821,ERR024821,ILLUMINA,SAMEA882277,geo_loc_name_country,Klebsiella pneumoniae,ILLUMINA,2011-03-18T00:00:00Z,SAMEA882277,ERP000165,AJ048-sc-2010-05-07-30744,AJ048,Australia,Oceania,Australia,AJ048,Homo sapiens,2001,diseased,urine,2010-03-08T08:57:07Z,2018-03-09T09:52:01Z,SAMEA882277,Klebsiella pneumoniae,AJ048-sc-2010-05-07-30744,,,1
ERR024822,ERR024822,ILLUMINA,SAMEA882276,geo_loc_name_country,Klebsiella pneumoniae,ILLUMINA,2011-03-18T00:00:00Z,SAMEA882276,ERP000165,ERS005743,AJ049,Australia,Oceania,Australia,AJ049,Homo sapiens,2001,diseased,,,,,,,ERS005743,Klebsiella pneumoniae,1
ERR024823,ERR024823,ILLUMINA,SAMEA882279,geo_loc_name_country,Klebsiella pneumoniae,ILLUMINA,2011-03-18T00:00:00Z,SAMEA882279,ERP000165,AJ054-sc-2010-05-07-30746,AJ054,Australia,Oceania,Australia,AJ054,Homo sapiens,2001,diseased,urine,2010-03-08T08:57:11Z,2018-03-09T09:52:03Z,SAMEA882279,Klebsiella pneumoniae,AJ054-sc-2010-05-07-30746,,,1
ERR024830,ERR024830,ILLUMINA,SAMEA881999,geo_loc_name_country,Klebsiella quasipneumoniae,ILLUMINA,2011-03-18T00:00:00Z,SAMEA881999,ERP000165,AJ055-sc-2010-05-07-30755,AJ055,Australia,Oceania,Australia,AJ055,Homo sapiens,2001,diseased,urine,2010-03-08T08:57:28Z,2018-03-09T09:52:02Z,SAMEA881999,Klebsiella quasipneumoniae,AJ055-sc-2010-05-07-30755,,,1
ERR024837,ERR024837,ILLUMINA,SAMEA882004,geo_loc_name_country,Klebsiella pneumoniae,ILLUMINA,2011-03-18T00:00:00Z,SAMEA882004,ERP000165,AJ056-sc-2010-05-07-30759,AJ056,Australia,Oceania,Australia,AJ056,Homo sapiens,2001,diseased,respiratory,2010-03-08T08:57:36Z,2018-03-09T09:52:02Z,SAMEA882004,Klebsiella pneumoniae,AJ056-sc-2010-05-07-30759,,,1
ERR024838,ERR024838,ILLUMINA,SAMEA881993,geo_loc_name_country,Klebsiella pneumoniae,ILLUMINA,2011-03-18T00:00:00Z,SAMEA881993,ERP000165,ERS005758,AJ064,Australia,Oceania,Australia,AJ064,Homo sapiens,2001,diseased,urine,,,,,,ERS005758,Klebsiella pneumoniae,1
ERR024839,ERR024839,ILLUMINA,SAMEA881994,geo_loc_name_country,Klebsiella pneumoniae,ILLUMINA,2011-03-18T00:00:00Z,SAMEA881994,ERP000165,AJ082-sc-2010-05-07-30761,AJ082,Australia,Oceania,Australia,AJ082,Homo sapiens,2002,diseased,urine,2010-03-08T08:57:40Z,2018-03-09T09:52:01Z,SAMEA881994,Klebsiella pneumoniae,AJ082-sc-2010-05-07-30761,,,1
ERR024840,ERR024840,ILLUMINA,SAMEA882046,geo_loc_name_country,Klebsiella pneumoniae,ILLUMINA,2011-03-18T00:00:00Z,SAMEA882046,ERP000165,AJ083-sc-2010-05-07-30762,AJ083,Australia,Oceania,Australia,AJ083,Homo sapiens,2002,diseased,urine,2010-03-08T08:57:40Z,2018-03-09T09:52:01Z,SAMEA882046,Klebsiella pneumoniae,AJ083-sc-2010-05-07-30762,,,1
ERR024831,ERR024831,ILLUMINA,SAMEA882044,geo_loc_name_country,Klebsiella pneumoniae,ILLUMINA,2011-03-18T00:00:00Z,SAMEA882044,ERP000165,AJ094-sc-2010-05-07-30764,AJ094,Australia,Oceania,Australia,AJ094,Homo sapiens,2002,diseased,respiratory,2010-03-08T08:57:44Z,2018-03-09T09:52:01Z,SAMEA882044,Klebsiella pneumoniae,AJ094-sc-2010-05-07-30764,,,1
ERR024832,ERR024832,ILLUMINA,SAMEA882043,geo_loc_name_country,Klebsiella pneumoniae,ILLUMINA,2011-03-18T00:00:00Z,SAMEA882043,ERP000165,AJ097-sc-2010-05-07-30765,AJ097,Australia,Oceania,Australia,AJ097,Homo sapiens,2002,diseased,urine,2010-03-08T08:57:47Z,2018-03-09T09:52:03Z,SAMEA882043,Klebsiella pneumoniae,AJ097-sc-2010-05-07-30765,,,1
ERR024833,ERR024833,ILLUMINA,SAMEA882042,geo_loc_name_country,Klebsiella pneumoniae,ILLUMINA,2011-03-18T00:00:00Z,SAMEA882042,ERP000165,ERS005764,AJ099,Australia,Oceania,Australia,AJ099,Homo sapiens,2002,diseased,,,,,,,ERS005764,Klebsiella pneumoniae,1
ERR024834,ERR024834,ILLUMINA,SAMEA882005,geo_loc_name_country,Klebsiella variicola,ILLUMINA,2011-03-18T00:00:00Z,SAMEA882005,ERP000165,ERS005754,AJ135,Australia,Oceania,Australia,AJ135,Homo sapiens,2002,diseased,respiratory,,,,,,ERS005754,Klebsiella pneumoniae,1
ERR024835,ERR024835,ILLUMINA,SAMEA882003,geo_loc_name_country,Klebsiella pneumoniae,ILLUMINA,2011-03-18T00:00:00Z,SAMEA882003,ERP000165,AJ146-sc-2010-05-07-30757,AJ146,Australia,Oceania,Australia,AJ146,Homo sapiens,2002,diseased,respiratory,2010-03-08T08:57:34Z,2018-03-09T09:52:03Z,SAMEA882003,Klebsiella pneumoniae,AJ146-sc-2010-05-07-30757,,,1
ERR024836,ERR024836,ILLUMINA,SAMEA882006,geo_loc_name_country,Klebsiella pneumoniae,ILLUMINA,2011-03-18T00:00:00Z,SAMEA882006,ERP000165,ERS005755,AJ148,Australia,Oceania,Australia,AJ148,Homo sapiens,2002,diseased,urine,,,,,,ERS005755,Klebsiella pneumoniae,1
ERR024843,ERR024843,ILLUMINA,SAMEA882041,geo_loc_name_country,Klebsiella pneumoniae,ILLUMINA,2011-03-18T00:00:00Z,SAMEA882041,ERP000165,ERS005765,AJ155,Australia,Oceania,Australia,AJ155,Homo sapiens,2002,diseased,,,,,,,ERS005765,Klebsiella pneumoniae,1
ERR024850,ERR024850,ILLUMINA,SAMEA882038,geo_loc_name_country,Klebsiella pneumoniae,ILLUMINA,2011-03-18T00:00:00Z,SAMEA882038,ERP000165,AJ156-sc-2010-05-07-30771,AJ156,Australia,Oceania,Australia,AJ156,Homo sapiens,2002,diseased,respiratory,2010-03-08T08:57:57Z,2018-03-09T09:52:01Z,SAMEA882038,Klebsiella pneumoniae,AJ156-sc-2010-05-07-30771,,,1
ERR024851,ERR024851,ILLUMINA,SAMEA882202,geo_loc_name_country,Klebsiella pneumoniae,ILLUMINA,2011-03-18T00:00:00Z,SAMEA882202,ERP000165,AJ158-sc-2010-05-07-30772,AJ158,Australia,Oceania,Australia,AJ158,Homo sapiens,2002,diseased,urine,2010-03-08T08:57:59Z,2018-03-09T09:52:01Z,SAMEA882202,Klebsiella pneumoniae,AJ158-sc-2010-05-07-30772,,,1
ERR024852,ERR024852,ILLUMINA,SAMEA882072,geo_loc_name_country,Klebsiella pneumoniae,ILLUMINA,2011-03-18T00:00:00Z,SAMEA882072,ERP000165,ERS005772,AJ170,Australia,Oceania,Australia,AJ170,Homo sapiens,2002,diseased,sterile,,,,,,ERS005772,Klebsiella pneumoniae,1
ERR024853,ERR024853,ILLUMINA,SAMEA882208,geo_loc_name_country,Klebsiella variicola,ILLUMINA,2011-03-18T00:00:00Z,SAMEA882208,ERP000165,AJ182-sc-2010-05-07-30774,AJ182,Australia,Oceania,Australia,AJ182,Homo sapiens,2002,diseased,urine,2010-03-08T08:58:03Z,2018-03-09T09:52:19Z,SAMEA882208,Klebsiella variicola,AJ182-sc-2010-05-07-30774,,,1
ERR024854,ERR024854,ILLUMINA,SAMEA882073,geo_loc_name_country,Klebsiella pneumoniae,ILLUMINA,2011-03-18T00:00:00Z,SAMEA882073,ERP000165,ERS005773,AJ188,Australia,Oceania,Australia,AJ188,Homo sapiens,2002,diseased,urine,,,,,,ERS005773,Klebsiella pneumoniae,1
ERR024844,ERR024844,ILLUMINA,SAMEA882074,geo_loc_name_country,Klebsiella pneumoniae,ILLUMINA,2011-03-18T00:00:00Z,SAMEA882074,ERP000165,AJ196-sc-2010-05-07-30776,AJ196,Australia,Oceania,Australia,AJ196,Homo sapiens,2002,diseased,respiratory,2010-03-08T08:58:07Z,2018-03-09T09:52:02Z,SAMEA882074,Klebsiella pneumoniae,AJ196-sc-2010-05-07-30776,,,1
ERR024845,ERR024845,ILLUMINA,SAMEA882075,geo_loc_name_country,Klebsiella pneumoniae,ILLUMINA,2011-03-18T00:00:00Z,SAMEA882075,ERP000165,ERS005775,AJ205,Australia,Oceania,Australia,AJ205,Homo sapiens,2002,diseased,,,,,,,ERS005775,Klebsiella pneumoniae,1
ERR024847,ERR024847,ILLUMINA,SAMEA882040,geo_loc_name_country,Klebsiella pneumoniae,ILLUMINA,2011-03-18T00:00:00Z,SAMEA882040,ERP000165,AJ210-sc-2010-05-07-30768,AJ210,Australia,Oceania,Australia,AJ210,Homo sapiens,2002,diseased,sterile,2010-03-08T08:57:52Z,2018-03-09T09:52:01Z,SAMEA882040,Klebsiella pneumoniae,AJ210-sc-2010-05-07-30768,,,1
ERR024848,ERR024848,ILLUMINA,SAMEA882039,geo_loc_name_country,Klebsiella pneumoniae,ILLUMINA,2011-03-18T00:00:00Z,SAMEA882039,ERP000165,ERS005767,AJ211,Australia,Oceania,Australia,AJ211,Homo sapiens,2002,diseased,respiratory,,,,,,ERS005767,Klebsiella pneumoniae,1
ERR025098,ERR025098,ILLUMINA,SAMEA882077,geo_loc_name_country,Klebsiella pneumoniae,ILLUMINA,2011-03-18T00:00:00Z,SAMEA882077,ERP000165,AJ214-sc-2010-05-07-30779,AJ214,Australia,Oceania,Australia,AJ214,Homo sapiens,2002,diseased,sterile,2010-03-08T08:58:13Z,2018-03-09T09:52:01Z,SAMEA882077,Klebsiella pneumoniae,AJ214-sc-2010-05-07-30779,,,1
ERR025105,ERR025105,ILLUMINA,SAMEA882170,geo_loc_name_country,Klebsiella pneumoniae,ILLUMINA,2011-03-18T00:00:00Z,SAMEA882170,ERP000165,ERS005781,AJ218,Australia,Oceania,Australia,AJ218,Homo sapiens,2002,diseased,urine,,,,,,ERS005781,Klebsiella pneumoniae,1
ERR025107,ERR025107,ILLUMINA,SAMEA882172,geo_loc_name_country,Klebsiella pneumoniae,ILLUMINA,2011-03-18T00:00:00Z,SAMEA882172,ERP000165,AJ229-sc-2010-05-07-30785,AJ229,Australia,Oceania,Australia,AJ229,Homo sapiens,2002,diseased,urine,2010-03-08T08:58:24Z,2018-03-09T09:52:01Z,SAMEA882172,Klebsiella pneumoniae,AJ229-sc-2010-05-07-30785,,,1
ERR025108,ERR025108,ILLUMINA,SAMEA882167,geo_loc_name_country,Klebsiella pneumoniae,ILLUMINA,2011-03-18T00:00:00Z,SAMEA882167,ERP000165,AJ256-sc-2010-05-07-30786,AJ256,Australia,Oceania,Australia,AJ256,Homo sapiens,2002,diseased,urine,2010-03-08T08:58:25Z,2018-03-09T09:52:02Z,SAMEA882167,Klebsiella pneumoniae,AJ256-sc-2010-05-07-30786,,,1
ERR025109,ERR025109,ILLUMINA,SAMEA882166,geo_loc_name_country,Klebsiella pneumoniae,ILLUMINA,2011-03-18T00:00:00Z,SAMEA882166,ERP000165,AJ278-sc-2010-05-07-30787,AJ278,Australia,Oceania,Australia,AJ278,Homo sapiens,2002,diseased,urine,2010-03-08T08:58:27Z,2018-03-09T09:52:18Z,SAMEA882166,Klebsiella pneumoniae,AJ278-sc-2010-05-07-30787,,,1
ERR025099,ERR025099,ILLUMINA,SAMEA882169,geo_loc_name_country,Klebsiella pneumoniae,ILLUMINA,2011-03-18T00:00:00Z,SAMEA882169,ERP000165,ERS005786,AJ281,Australia,Oceania,Australia,AJ281,Homo sapiens,2002,diseased,sterile,,,,,,ERS005786,Klebsiella pneumoniae,1
ERR025100,ERR025100,ILLUMINA,SAMEA882168,geo_loc_name_country,Klebsiella pneumoniae,ILLUMINA,2011-03-18T00:00:00Z,SAMEA882168,ERP000165,AJ289-sc-2010-05-07-30789,AJ289,Australia,Oceania,Australia,AJ289,Homo sapiens,2002,diseased,sterile,2010-03-08T08:58:31Z,2018-03-09T09:52:01Z,SAMEA882168,Klebsiella pneumoniae,AJ289-sc-2010-05-07-30789,,,1
ERR025101,ERR025101,ILLUMINA,SAMEA882165,geo_loc_name_country,Klebsiella pneumoniae,ILLUMINA,2011-03-18T00:00:00Z,SAMEA882165,ERP000165,AJ290-sc-2010-05-07-30790,AJ290,Australia,Oceania,Australia,AJ290,Homo sapiens,2002,diseased,sterile,2010-03-08T08:58:33Z,2018-03-09T09:52:03Z,SAMEA882165,Klebsiella pneumoniae,AJ290-sc-2010-05-07-30790,,,1
ERR025102,ERR025102,ILLUMINA,SAMEA882078,geo_loc_name_country,Klebsiella variicola,ILLUMINA,2011-03-18T00:00:00Z,SAMEA882078,ERP000165,AJ292-sc-2010-05-07-30780,AJ292,Australia,Oceania,Australia,AJ292,Homo sapiens,2002,diseased,sterile,2010-03-08T08:58:14Z,2018-03-09T09:52:01Z,SAMEA882078,Klebsiella variicola,AJ292-sc-2010-05-07-30780,,,1
ERR025103,ERR025103,ILLUMINA,SAMEA882079,geo_loc_name_country,Klebsiella pneumoniae,ILLUMINA,2011-03-18T00:00:00Z,SAMEA882079,ERP000165,ERS005779,AJ299,Australia,Oceania,Australia,AJ299,Homo sapiens,2002,diseased,sterile,,,,,,ERS005779,Klebsiella pneumoniae,1
ERR025104,ERR025104,ILLUMINA,SAMEA882171,geo_loc_name_country,Klebsiella pneumoniae,ILLUMINA,2011-03-18T00:00:00Z,SAMEA882171,ERP000165,ERS005780,AJ303,Australia,Oceania,Australia,AJ303,Homo sapiens,2002,diseased,urine,,,,,,ERS005780,Klebsiella pneumoniae,1
ERR025646,ERR025646,ILLUMINA,SAMEA882063,geo_loc_name_country,Klebsiella pneumoniae,ILLUMINA,2011-03-18T00:00:00Z,SAMEA882063,ERP000165,ERS012032,1517,Indonesia,Asia,Indonesia,1517,Homo sapiens,2005,diseased,sterile,,,,,,ERS012032,Klebsiella pneumoniae,1
ERR026001,ERR026001,ILLUMINA,SAMEA882150,geo_loc_name_country,Klebsiella pneumoniae,ILLUMINA,2011-03-18T00:00:00Z,SAMEA882150,ERP000165,1522_0-sc-2010-06-22-227787,1522,Indonesia,Asia,Indonesia,1522,Homo sapiens,2005,diseased,sterile,2011-02-14T17:17:45Z,2018-03-09T09:52:30Z,SAMEA882150,Klebsiella pneumoniae,1522_0-sc-2010-06-22-227787,,,1
ERR025647,ERR025647,ILLUMINA,SAMEA882062,geo_loc_name_country,Klebsiella pneumoniae,ILLUMINA,2011-03-18T00:00:00Z,SAMEA882062,ERP000165,ERS012033,1523,Indonesia,Asia,Indonesia,1523,Homo sapiens,2005,diseased,sterile,,,,,,ERS012033,Klebsiella pneumoniae,1
ERR025657,ERR025657,ILLUMINA,SAMEA882290,geo_loc_name_country,Klebsiella pneumoniae,ILLUMINA,2011-03-18T00:00:00Z,SAMEA882290,ERP000165,ERS012034,1524,Indonesia,Asia,Indonesia,1524,Homo sapiens,2005,diseased,urine,,,,,,ERS012034,Klebsiella pneumoniae,1
ERR025661,ERR025661,ILLUMINA,SAMEA882068,geo_loc_name_country,Klebsiella pneumoniae,ILLUMINA,2011-03-18T00:00:00Z,SAMEA882068,ERP000165,ERS012035,1555,Indonesia,Asia,Indonesia,1555,Homo sapiens,2005,diseased,urine,,,,,,ERS012035,Klebsiella pneumoniae,1
ERR025662,ERR025662,ILLUMINA,SAMEA882067,geo_loc_name_country,Klebsiella pneumoniae,ILLUMINA,2011-03-18T00:00:00Z,SAMEA882067,ERP000165,ERS012036,1557,Indonesia,Asia,Indonesia,1557,Homo sapiens,2005,diseased,urine,,,,,,ERS012036,Klebsiella pneumoniae,1
ERR025663,ERR025663,ILLUMINA,SAMEA882066,geo_loc_name_country,Klebsiella pneumoniae,ILLUMINA,2011-03-18T00:00:00Z,SAMEA882066,ERP000165,1576_0-sc-2010-06-22-227770,1576,Indonesia,Asia,Indonesia,1576,Homo sapiens,2005,diseased,sterile,2011-02-14T17:17:45Z,2018-03-09T09:52:30Z,SAMEA882066,Klebsiella pneumoniae,1576_0-sc-2010-06-22-227770,,,1
ERR025664,ERR025664,ILLUMINA,SAMEA882060,geo_loc_name_country,Klebsiella pneumoniae,ILLUMINA,2011-03-18T00:00:00Z,SAMEA882060,ERP000165,1585_0-sc-2010-06-22-227771,1585,Indonesia,Asia,Indonesia,1585,Homo sapiens,2005,diseased,sterile,2011-02-14T17:17:45Z,2018-03-09T09:52:30Z,SAMEA882060,Klebsiella pneumoniae,1585_0-sc-2010-06-22-227771,,,1
ERR025667,ERR025667,ILLUMINA,SAMEA882215,geo_loc_name_country,Klebsiella pneumoniae,ILLUMINA,2011-03-18T00:00:00Z,SAMEA882215,ERP000165,ERS012041,1612,Indonesia,Asia,Indonesia,1612,Homo sapiens,2005,diseased,sterile,,,,,,ERS012041,Klebsiella pneumoniae,1
ERR025668,ERR025668,ILLUMINA,SAMEA882061,geo_loc_name_country,Klebsiella pneumoniae,ILLUMINA,2011-03-18T00:00:00Z,SAMEA882061,ERP000165,1753_0-sc-2010-06-22-227775,1753,Indonesia,Asia,Indonesia,1753,Homo sapiens,2005,diseased,sterile,2011-02-14T17:17:45Z,2018-03-09T09:52:30Z,SAMEA882061,Klebsiella pneumoniae,1753_0-sc-2010-06-22-227775,,,1
ERR025658,ERR025658,ILLUMINA,SAMEA882194,geo_loc_name_country,Klebsiella pneumoniae,ILLUMINA,2011-03-18T00:00:00Z,SAMEA882194,ERP000165,ERS012043,1764,Indonesia,Asia,Indonesia,1764,Homo sapiens,2005,diseased,sterile,,,,,,ERS012043,Klebsiella pneumoniae,1
ERR025659,ERR025659,ILLUMINA,SAMEA882274,geo_loc_name_country,Klebsiella pneumoniae,ILLUMINA,2011-03-18T00:00:00Z,SAMEA882274,ERP000165,ERS012044,1765,Indonesia,Asia,Indonesia,1765,Homo sapiens,2005,diseased,sterile,,,,,,ERS012044,Klebsiella pneumoniae,1
ERR025660,ERR025660,ILLUMINA,SAMEA882295,geo_loc_name_country,Klebsiella pneumoniae,ILLUMINA,2011-03-18T00:00:00Z,SAMEA882295,ERP000165,ERS012045,1789,Indonesia,Asia,Indonesia,1789,Homo sapiens,2005,diseased,sterile,,,,,,ERS012045,Klebsiella pneumoniae,1
ERR025992,ERR025992,ILLUMINA,SAMEA882239,geo_loc_name_country,Klebsiella pneumoniae,ILLUMINA,2011-03-18T00:00:00Z,SAMEA882239,ERP000165,ERS012046,1824,Indonesia,Asia,Indonesia,1824,Homo sapiens,2005,diseased,sterile,,,,,,ERS012046,Klebsiella pneumoniae,1
ERR025994,ERR025994,ILLUMINA,SAMEA882258,geo_loc_name_country,Klebsiella pneumoniae,ILLUMINA,2011-03-18T00:00:00Z,SAMEA882258,ERP000165,1884_0-sc-2010-06-22-227780,1884,Indonesia,Asia,Indonesia,1884,Homo sapiens,2005,diseased,sterile,2011-02-14T17:17:45Z,2018-03-09T09:52:30Z,SAMEA882258,Klebsiella pneumoniae,1884_0-sc-2010-06-22-227780,,,1
ERR025995,ERR025995,ILLUMINA,SAMEA882190,geo_loc_name_country,Klebsiella pneumoniae,ILLUMINA,2011-03-18T00:00:00Z,SAMEA882190,ERP000165,1896_0-sc-2010-06-22-227781,1896,Indonesia,Asia,Indonesia,1896,Homo sapiens,2005,diseased,sterile,2011-02-14T17:17:45Z,2018-03-09T09:52:30Z,SAMEA882190,Klebsiella pneumoniae,1896_0-sc-2010-06-22-227781,,,1
ERR025996,ERR025996,ILLUMINA,SAMEA882296,geo_loc_name_country,Klebsiella pneumoniae,ILLUMINA,2011-03-18T00:00:00Z,SAMEA882296,ERP000165,ERS012049,1897,Indonesia,Asia,Indonesia,1897,Homo sapiens,2005,diseased,sterile,,,,,,ERS012049,Klebsiella pneumoniae,1
ERR025998,ERR025998,ILLUMINA,SAMEA882145,geo_loc_name_country,Klebsiella pneumoniae,ILLUMINA,2011-03-18T00:00:00Z,SAMEA882145,ERP000165,2024_0-sc-2010-06-22-227784,2024,Indonesia,Asia,Indonesia,2024,Homo sapiens,2005,diseased,sterile,2011-02-14T17:17:45Z,2018-03-09T09:52:30Z,SAMEA882145,Klebsiella pneumoniae,2024_0-sc-2010-06-22-227784,,,1
ERR026000,ERR026000,ILLUMINA,SAMEA882147,geo_loc_name_country,Klebsiella pneumoniae,ILLUMINA,2011-03-18T00:00:00Z,SAMEA882147,ERP000165,2033_0-sc-2010-06-22-227786,2033,Indonesia,Asia,Indonesia,2033,Homo sapiens,2005,diseased,urine,2011-02-14T17:17:45Z,2018-03-09T09:52:30Z,SAMEA882147,Klebsiella pneumoniae,2033_0-sc-2010-06-22-227786,,,1
ERR025566,ERR025566,ILLUMINA,SAMEA882293,geo_loc_name_country,Klebsiella pneumoniae,ILLUMINA,2011-03-18T00:00:00Z,SAMEA882293,ERP000165,ERS011866,AF 3927,Laos,Asia,Laos,AF 3927,Homo sapiens,2006,diseased,intestinal,,,,,,ERS011866,Klebsiella pneumoniae,1
ERR025572,ERR025572,ILLUMINA,SAMEA882282,geo_loc_name_country,Klebsiella pneumoniae,ILLUMINA,2011-03-18T00:00:00Z,SAMEA882282,ERP000165,LF_7160-sc-2010-06-22-227602,LF 7160,Laos,Asia,Laos,LF 7160,Homo sapiens,2007,diseased,respiratory,2011-02-14T17:17:44Z,2018-03-09T09:52:29Z,SAMEA882282,Klebsiella pneumoniae,LF_7160-sc-2010-06-22-227602,,,1
ERR025573,ERR025573,ILLUMINA,SAMEA882011,geo_loc_name_country,Klebsiella variicola,ILLUMINA,2011-03-18T00:00:00Z,SAMEA882011,ERP000165,ERS011870,Pus 13542,Laos,Asia,Laos,Pus 13542,Homo sapiens,2009,diseased,sterile,,,,,,ERS011870,Klebsiella variicola,1
ERR025574,ERR025574,ILLUMINA,SAMEA882012,geo_loc_name_country,Klebsiella pneumoniae,ILLUMINA,2011-03-18T00:00:00Z,SAMEA882012,ERP000165,Pus_15007-sc-2010-06-22-227604,Pus 15007,Laos,Asia,Laos,Pus 15007,Homo sapiens,2009,diseased,respiratory,2011-02-14T17:17:43Z,2018-03-09T09:52:28Z,SAMEA882012,Klebsiella pneumoniae,Pus_15007-sc-2010-06-22-227604,,,1
ERR025576,ERR025576,ILLUMINA,SAMEA882010,geo_loc_name_country,Klebsiella pneumoniae,ILLUMINA,2011-03-18T00:00:00Z,SAMEA882010,ERP000165,Pus_15987-sc-2010-06-22-227606,Pus 15987,Laos,Asia,Laos,Pus 15987,Homo sapiens,2009,diseased,sterile,2011-02-14T17:17:43Z,2018-03-09T09:52:29Z,SAMEA882010,Klebsiella pneumoniae,Pus_15987-sc-2010-06-22-227606,,,1
ERR025570,ERR025570,ILLUMINA,SAMEA882292,geo_loc_name_country,Klebsiella pneumoniae,ILLUMINA,2011-03-18T00:00:00Z,SAMEA882292,ERP000165,Pus_4878-sc-2010-06-22-227600,Pus 4878,Laos,Asia,Laos,Pus 4878,Homo sapiens,2007,diseased,respiratory,2011-02-14T17:17:43Z,2018-03-09T09:52:29Z,SAMEA882292,Klebsiella pneumoniae,Pus_4878-sc-2010-06-22-227600,,,1
ERR025571,ERR025571,ILLUMINA,SAMEA882283,geo_loc_name_country,Klebsiella pneumoniae,ILLUMINA,2011-03-18T00:00:00Z,SAMEA882283,ERP000165,ERS011868,Pus 9314/2,Laos,Asia,Laos,Pus 9314/2,Homo sapiens,2008,diseased,,,,,,,ERS011868,Klebsiella pneumoniae,1
ERR025589,ERR025589,ILLUMINA,SAMEA882222,geo_loc_name_country,Klebsiella pneumoniae,ILLUMINA,2011-03-18T00:00:00Z,SAMEA882222,ERP000165,ERS011897,ST 752,Laos,Asia,Laos,ST 752,Homo sapiens,2008,diseased,sterile,,,,,,ERS011897,Klebsiella pneumoniae,1
ERR025527,ERR025527,ILLUMINA,SAMEA882007,geo_loc_name_country,Klebsiella pneumoniae,ILLUMINA,2011-03-18T00:00:00Z,SAMEA882007,ERP000165,ERS011878,U 12567,Laos,Asia,Laos,U 12567,Homo sapiens,2008,diseased,urine,,,,,,ERS011878,Klebsiella pneumoniae,1
ERR025531,ERR025531,ILLUMINA,SAMEA882008,geo_loc_name_country,Klebsiella pneumoniae,ILLUMINA,2011-03-18T00:00:00Z,SAMEA882008,ERP000165,U_13792_2-sc-2010-06-22-227612,U 13792/2,Laos,Asia,Laos,U 13792/2,Homo sapiens,2009,diseased,urine,2011-02-14T17:17:44Z,2018-03-09T09:52:29Z,SAMEA882008,Klebsiella pneumoniae,U_13792_2-sc-2010-06-22-227612,,,1
ERR025532,ERR025532,ILLUMINA,SAMEA882177,geo_loc_name_country,Klebsiella pneumoniae,ILLUMINA,2011-03-18T00:00:00Z,SAMEA882177,ERP000165,ERS011880,U 16821,Laos,Asia,Laos,U 16821,Homo sapiens,2009,diseased,urine,,,,,,ERS011880,Klebsiella pneumoniae,1
ERR025587,ERR025587,ILLUMINA,SAMEA882220,geo_loc_name_country,Klebsiella pneumoniae,ILLUMINA,2011-03-18T00:00:00Z,SAMEA882220,ERP000165,UI_10871-sc-2010-06-22-227628,UI 10871,Laos,Asia,Laos,UI 10871,Homo sapiens,2007,diseased,sterile,2011-02-14T17:17:43Z,2018-03-09T09:52:29Z,SAMEA882220,Klebsiella pneumoniae,UI_10871-sc-2010-06-22-227628,,,1
ERR025590,ERR025590,ILLUMINA,SAMEA882231,geo_loc_name_country,Klebsiella pneumoniae,ILLUMINA,2011-03-18T00:00:00Z,SAMEA882231,ERP000165,UI_12780-sc-2010-06-22-227631,UI 12780,Laos,Asia,Laos,UI 12780,Homo sapiens,2008,diseased,sterile,2011-02-14T17:17:43Z,2018-03-09T09:52:29Z,SAMEA882231,Klebsiella pneumoniae,UI_12780-sc-2010-06-22-227631,,,1
ERR025581,ERR025581,ILLUMINA,SAMEA882111,geo_loc_name_country,Klebsiella pneumoniae,ILLUMINA,2011-03-18T00:00:00Z,SAMEA882111,ERP000165,UI_14245-sc-2010-06-22-227633,UI 14245,Laos,Asia,Laos,UI 14245,Homo sapiens,,diseased,sterile,2011-02-14T17:17:44Z,2018-03-09T09:52:29Z,SAMEA882111,Klebsiella pneumoniae,UI_14245-sc-2010-06-22-227633,,,1
ERR025582,ERR025582,ILLUMINA,SAMEA882112,geo_loc_name_country,Klebsiella pneumoniae,ILLUMINA,2011-03-18T00:00:00Z,SAMEA882112,ERP000165,UI_15398-sc-2010-06-22-227634,UI 15398,Laos,Asia,Laos,UI 15398,Homo sapiens,2009,diseased,sterile,2011-02-14T17:17:43Z,2018-03-09T09:52:29Z,SAMEA882112,Klebsiella pneumoniae,UI_15398-sc-2010-06-22-227634,,,1
ERR025535,ERR025535,ILLUMINA,SAMEA882057,geo_loc_name_country,Klebsiella pneumoniae,ILLUMINA,2011-03-18T00:00:00Z,SAMEA882057,ERP000165,ERS011883,UI 2213,Laos,Asia,Laos,UI 2213,Homo sapiens,2002,diseased,sterile,,,,,,ERS011883,Klebsiella pneumoniae,1
ERR025537,ERR025537,ILLUMINA,SAMEA882180,geo_loc_name_country,Klebsiella quasipneumoniae,ILLUMINA,2011-03-18T00:00:00Z,SAMEA882180,ERP000165,ERS011885,UI 2877,Laos,Asia,Laos,UI 2877,Homo sapiens,2002,diseased,sterile,,,,,,ERS011885,Klebsiella quasipneumoniae,1
ERR025538,ERR025538,ILLUMINA,SAMEA882179,geo_loc_name_country,Klebsiella pneumoniae,ILLUMINA,2011-03-18T00:00:00Z,SAMEA882179,ERP000165,ERS011886,UI 3324,Laos,Asia,Laos,UI 3324,Homo sapiens,2003,diseased,sterile,,,,,,ERS011886,Klebsiella pneumoniae,1
ERR025528,ERR025528,ILLUMINA,SAMEA882178,geo_loc_name_country,Klebsiella quasipneumoniae,ILLUMINA,2011-03-18T00:00:00Z,SAMEA882178,ERP000165,ERS011887,UI 4256,Laos,Asia,Laos,UI 4256,Homo sapiens,2003,diseased,sterile,,,,,,ERS011887,Klebsiella quasipneumoniae,1
ERR025529,ERR025529,ILLUMINA,SAMEA882185,geo_loc_name_country,Klebsiella pneumoniae,ILLUMINA,2011-03-18T00:00:00Z,SAMEA882185,ERP000165,ERS011888,UI 4650,Laos,Asia,Laos,UI 4650,Homo sapiens,1800/2014,diseased,sterile,,,,,,ERS011888,Klebsiella pneumoniae,1
ERR025534,ERR025534,ILLUMINA,SAMEA882254,geo_loc_name_country,Klebsiella pneumoniae,ILLUMINA,2011-03-18T00:00:00Z,SAMEA882254,ERP000165,ERS011882,UI 522,Laos,Asia,Laos,UI 522,Homo sapiens,2000,diseased,sterile,,,,,,ERS011882,Klebsiella pneumoniae,1
ERR025579,ERR025579,ILLUMINA,SAMEA882223,geo_loc_name_country,Klebsiella pneumoniae,ILLUMINA,2011-03-18T00:00:00Z,SAMEA882223,ERP000165,ERS011890,UI 6167,Laos,Asia,Laos,UI 6167,Homo sapiens,2005,diseased,sterile,,,,,,ERS011890,Klebsiella pneumoniae,1
ERR025583,ERR025583,ILLUMINA,SAMEA882213,geo_loc_name_country,Klebsiella pneumoniae,ILLUMINA,2011-03-18T00:00:00Z,SAMEA882213,ERP000165,UI_6717-sc-2010-06-22-227624,UI 6717,Laos,Asia,Laos,UI 6717,Homo sapiens,2005,diseased,sterile,2011-02-14T17:17:44Z,2018-03-09T09:52:29Z,SAMEA882213,Klebsiella pneumoniae,UI_6717-sc-2010-06-22-227624,,,1
ERR025584,ERR025584,ILLUMINA,SAMEA882225,geo_loc_name_country,Klebsiella quasipneumoniae,ILLUMINA,2011-03-18T00:00:00Z,SAMEA882225,ERP000165,UI_7631-sc-2010-06-22-227625,UI 7631,Laos,Asia,Laos,UI 7631,Homo sapiens,2006,diseased,sterile,2011-02-14T17:17:43Z,2018-03-09T09:52:29Z,SAMEA882225,Klebsiella quasipneumoniae,UI_7631-sc-2010-06-22-227625,,,1
ERR025585,ERR025585,ILLUMINA,SAMEA882226,geo_loc_name_country,Klebsiella pneumoniae,ILLUMINA,2011-03-18T00:00:00Z,SAMEA882226,ERP000165,UI_8601-sc-2010-06-22-227626,UI 8601,Laos,Asia,Laos,UI 8601,Homo sapiens,2006,diseased,sterile,2011-02-14T17:17:44Z,2018-03-09T09:52:29Z,SAMEA882226,Klebsiella pneumoniae,UI_8601-sc-2010-06-22-227626,,,1
ERR025586,ERR025586,ILLUMINA,SAMEA882219,geo_loc_name_country,Klebsiella quasipneumoniae,ILLUMINA,2011-03-18T00:00:00Z,SAMEA882219,ERP000165,ERS011894,UI 9552,Laos,Asia,Laos,UI 9552,Homo sapiens,2007,diseased,sterile,,,,,,ERS011894,Klebsiella quasipneumoniae,1
ERR025546,ERR025546,ILLUMINA,SAMEA882116,geo_loc_name_country,Klebsiella pneumoniae,ILLUMINA,2011-03-18T00:00:00Z,SAMEA882116,ERP000165,ERS011905,DB11802/05,Singapore,Asia,Singapore,DB11802/05,Homo sapiens,2005,diseased,sterile,,,,,,ERS011905,Klebsiella pneumoniae,1
ERR025118,ERR025118,ILLUMINA,SAMEA882238,geo_loc_name_country,Klebsiella pneumoniae,ILLUMINA,2011-03-18T00:00:00Z,SAMEA882238,ERP000165,DB270_04-sc-2010-06-22-227651,DB270/04,Singapore,Asia,Singapore,DB270/04,Homo sapiens,2004,diseased,sterile,2011-02-14T17:17:44Z,2018-03-09T09:52:29Z,SAMEA882238,Klebsiella pneumoniae,DB270_04-sc-2010-06-22-227651,,,1
ERR025544,ERR025544,ILLUMINA,SAMEA882110,geo_loc_name_country,Klebsiella pneumoniae,ILLUMINA,2011-03-18T00:00:00Z,SAMEA882110,ERP000165,ERS011903,DB44834/96,Singapore,Asia,Singapore,DB44834/96,Homo sapiens,1996,diseased,sterile,,,,,,ERS011903,Klebsiella pneumoniae,1
ERR025542,ERR025542,ILLUMINA,SAMEA882212,geo_loc_name_country,Klebsiella pneumoniae,ILLUMINA,2011-03-18T00:00:00Z,SAMEA882212,ERP000165,ERS011912,DM1159/01,Singapore,Asia,Singapore,DM1159/01,Homo sapiens,2001,diseased,,,,,,,ERS011912,Klebsiella pneumoniae,1
ERR025117,ERR025117,ILLUMINA,SAMEA882098,geo_loc_name_country,Klebsiella pneumoniae,ILLUMINA,2011-03-18T00:00:00Z,SAMEA882098,ERP000165,DM11825_05-sc-2010-06-22-227650,DM11825/05,Singapore,Asia,Singapore,DM11825/05,Homo sapiens,2005,diseased,liver,2011-02-14T17:17:44Z,2018-03-09T09:52:29Z,SAMEA882098,Klebsiella pneumoniae,DM11825_05-sc-2010-06-22-227650,,,1
ERR025111,ERR025111,ILLUMINA,SAMEA882218,geo_loc_name_country,Klebsiella pneumoniae,ILLUMINA,2011-03-18T00:00:00Z,SAMEA882218,ERP000165,DM16912_02-sc-2010-06-22-227647,DM16912/02,Singapore,Asia,Singapore,DM16912/02,Homo sapiens,2002,diseased,liver,2011-02-14T17:17:44Z,2018-03-09T09:52:29Z,SAMEA882218,Klebsiella pneumoniae,DM16912_02-sc-2010-06-22-227647,,,1
ERR025115,ERR025115,ILLUMINA,SAMEA882214,geo_loc_name_country,Klebsiella pneumoniae,ILLUMINA,2011-03-18T00:00:00Z,SAMEA882214,ERP000165,DM17138_03-sc-2010-06-22-227648,DM17138/03,Singapore,Asia,Singapore,DM17138/03,Homo sapiens,2003,diseased,,2011-02-14T17:17:44Z,2018-03-09T09:52:29Z,SAMEA882214,Klebsiella pneumoniae,DM17138_03-sc-2010-06-22-227648,,,1
ERR025116,ERR025116,ILLUMINA,SAMEA882230,geo_loc_name_country,Klebsiella pneumoniae,ILLUMINA,2011-03-18T00:00:00Z,SAMEA882230,ERP000165,ERS011916,DM17337/04,Singapore,Asia,Singapore,DM17337/04,Homo sapiens,2004,diseased,respiratory,,,,,,ERS011916,Klebsiella pneumoniae,1
ERR025540,ERR025540,ILLUMINA,SAMEA882109,geo_loc_name_country,Klebsiella pneumoniae,ILLUMINA,2011-03-18T00:00:00Z,SAMEA882109,ERP000165,DM23092_04-sc-2010-06-22-227635,DM23092/04,Singapore,Asia,Singapore,DM23092/04,Homo sapiens,2004,diseased,,2011-02-14T17:17:44Z,2018-03-09T09:52:29Z,SAMEA882109,Klebsiella pneumoniae,DM23092_04-sc-2010-06-22-227635,,,1
ERR025543,ERR025543,ILLUMINA,SAMEA882211,geo_loc_name_country,Klebsiella pneumoniae,ILLUMINA,2011-03-18T00:00:00Z,SAMEA882211,ERP000165,ERS011913,DR19891/02,Singapore,Asia,Singapore,DR19891/02,Homo sapiens,2002,diseased,sterile,,,,,,ERS011913,Klebsiella pneumoniae,1
ERR025547,ERR025547,ILLUMINA,SAMEA882113,geo_loc_name_country,Klebsiella pneumoniae,ILLUMINA,2011-03-18T00:00:00Z,SAMEA882113,ERP000165,ERS011906,DR5092/05,Singapore,Asia,Singapore,DR5092/05,Homo sapiens,2005,healthy,intestinal,,,,,,ERS011906,Klebsiella pneumoniae,1
ERR025122,ERR025122,ILLUMINA,SAMEA882184,geo_loc_name_country,Klebsiella quasipneumoniae,ILLUMINA,2011-03-18T00:00:00Z,SAMEA882184,ERP000165,ERS011922,DR85/08,Singapore,Asia,Singapore,DR85/08,Environmental,2008,,environment,,,,,,ERS011922,Klebsiella quasipneumoniae,1
ERR025548,ERR025548,ILLUMINA,SAMEA882114,geo_loc_name_country,Klebsiella pneumoniae,ILLUMINA,2011-03-18T00:00:00Z,SAMEA882114,ERP000165,DU10252_04-sc-2010-06-22-227640,DU10252/04,Singapore,Asia,Singapore,DU10252/04,Homo sapiens,2004,diseased,urine,2011-02-14T17:17:44Z,2018-03-09T09:52:29Z,SAMEA882114,Klebsiella pneumoniae,DU10252_04-sc-2010-06-22-227640,,,1
ERR025550,ERR025550,ILLUMINA,SAMEA882118,geo_loc_name_country,Klebsiella pneumoniae,ILLUMINA,2011-03-18T00:00:00Z,SAMEA882118,ERP000165,DU33062_05-sc-2010-06-22-227642,DU33062/05,Singapore,Asia,Singapore,DU33062/05,Homo sapiens,2005,healthy,urine,2011-02-14T17:17:44Z,2018-03-09T09:52:29Z,SAMEA882118,Klebsiella pneumoniae,DU33062_05-sc-2010-06-22-227642,,,1
ERR025551,ERR025551,ILLUMINA,SAMEA882071,geo_loc_name_country,Klebsiella quasipneumoniae,ILLUMINA,2011-03-18T00:00:00Z,SAMEA882071,ERP000165,DU35427_05-sc-2010-06-22-227643,DU35427/05,Singapore,Asia,Singapore,DU35427/05,Homo sapiens,2005,diseased,urine,2011-02-14T17:17:44Z,2018-03-09T09:52:29Z,SAMEA882071,Klebsiella quasipneumoniae,DU35427_05-sc-2010-06-22-227643,,,1
ERR025541,ERR025541,ILLUMINA,SAMEA882070,geo_loc_name_country,Klebsiella pneumoniae,ILLUMINA,2011-03-18T00:00:00Z,SAMEA882070,ERP000165,ERS011911,DU38032/05,Singapore,Asia,Singapore,DU38032/05,Homo sapiens,2005,diseased,urine,,,,,,ERS011911,Klebsiella pneumoniae,1
ERR025545,ERR025545,ILLUMINA,SAMEA882115,geo_loc_name_country,Klebsiella pneumoniae,ILLUMINA,2011-03-18T00:00:00Z,SAMEA882115,ERP000165,DU4033_04-sc-2010-06-22-227637,DU4033/04,Singapore,Asia,Singapore,DU4033/04,Homo sapiens,2004,diseased,urine,2011-02-14T17:17:43Z,2018-03-09T09:52:29Z,SAMEA882115,Klebsiella pneumoniae,DU4033_04-sc-2010-06-22-227637,,,1
ERR025112,ERR025112,ILLUMINA,SAMEA882261,geo_loc_name_country,Klebsiella pneumoniae,ILLUMINA,2011-03-18T00:00:00Z,SAMEA882261,ERP000165,DU46543_08-sc-2010-06-22-227656,DU46543/08,Singapore,Asia,Singapore,DU46543/08,Homo sapiens,2008,diseased,urine,2011-02-14T17:17:44Z,2018-03-09T09:52:29Z,SAMEA882261,Klebsiella pneumoniae,DU46543_08-sc-2010-06-22-227656,,,1
ERR025119,ERR025119,ILLUMINA,SAMEA882235,geo_loc_name_country,Klebsiella pneumoniae,ILLUMINA,2011-03-18T00:00:00Z,SAMEA882235,ERP000165,ERS011919,DU8882/04,Singapore,Asia,Singapore,DU8882/04,Homo sapiens,2004,diseased,urine,,,,,,ERS011919,Klebsiella pneumoniae,1
ERR025121,ERR025121,ILLUMINA,SAMEA882183,geo_loc_name_country,Klebsiella pneumoniae,ILLUMINA,2011-03-18T00:00:00Z,SAMEA882183,ERP000165,ERS011921,DX259/08,Singapore,Asia,Singapore,DX259/08,Homo sapiens,2008,diseased,sterile,,,,,,ERS011921,Klebsiella pneumoniae,1
ERR025993,ERR025993,ILLUMINA,SAMEA882149,geo_loc_name_country,Klebsiella pneumoniae,ILLUMINA,2011-03-18T00:00:00Z,SAMEA882149,ERP000165,TL125-sc-2010-06-22-227788,TL125,United Kingdom,Europe,United Kingdom,TL125,Mouse,2009,healthy,intestinal,2011-02-14T17:17:45Z,2018-03-09T09:52:30Z,SAMEA882149,Klebsiella pneumoniae,TL125-sc-2010-06-22-227788,,,1
ERR025525,ERR025525,ILLUMINA,SAMEA882289,geo_loc_name_country,Klebsiella pneumoniae,ILLUMINA,2011-03-18T00:00:00Z,SAMEA882289,ERP000165,ERS011862,7085,USA,North America,USA,7085,Monkey,2009,healthy,intestinal,,,,,,ERS011862,Klebsiella pneumoniae,1
ERR025517,ERR025517,ILLUMINA,SAMEA882027,geo_loc_name_country,Klebsiella pneumoniae,ILLUMINA,2011-03-18T00:00:00Z,SAMEA882027,ERP000165,85997_0-sc-2010-06-22-227598,85997,USA,North America,USA,85997,Sea mammal,2008,diseased,sterile,2011-02-14T17:17:43Z,2018-03-09T09:52:28Z,SAMEA882027,Klebsiella pneumoniae,85997_0-sc-2010-06-22-227598,,,1
ERR025524,ERR025524,ILLUMINA,SAMEA882286,geo_loc_name_country,Klebsiella pneumoniae,ILLUMINA,2011-03-18T00:00:00Z,SAMEA882286,ERP000165,206535_0-sc-2010-06-22-227594,206535,USA,North America,USA,206535,Monkey,2008,healthy,intestinal,2011-02-14T17:17:43Z,2018-03-09T09:52:29Z,SAMEA882286,Klebsiella pneumoniae,206535_0-sc-2010-06-22-227594,,,1
ERR025516,ERR025516,ILLUMINA,SAMEA882291,geo_loc_name_country,Klebsiella pneumoniae,ILLUMINA,2011-03-18T00:00:00Z,SAMEA882291,ERP000165,812079-sc-2010-06-22-227597,812079,USA,North America,USA,812079,Sea mammal,2008,diseased,respiratory,2011-02-14T17:17:43Z,2018-03-09T09:52:29Z,SAMEA882291,Klebsiella pneumoniae,812079-sc-2010-06-22-227597,,,1
ERR025515,ERR025515,ILLUMINA,SAMEA882288,geo_loc_name_country,Klebsiella pneumoniae,ILLUMINA,2011-03-18T00:00:00Z,SAMEA882288,ERP000165,Kp_Miami-sc-2010-06-22-227596,Kp-Miami,USA,North America,USA,Kp-Miami,Homo sapiens,2008,diseased,liver,2011-02-14T17:17:44Z,2018-03-09T09:52:29Z,SAMEA882288,Klebsiella pneumoniae,Kp_Miami-sc-2010-06-22-227596,,,1
ERR025521,ERR025521,ILLUMINA,SAMEA882089,geo_loc_name_country,Klebsiella pneumoniae,ILLUMINA,2011-03-18T00:00:00Z,SAMEA882089,ERP000165,KpV513-sc-2010-06-22-227591,KpV513,USA,North America,USA,KpV513,Monkey,2006,diseased,,2011-02-14T17:17:43Z,2018-03-09T09:52:29Z,SAMEA882089,Klebsiella pneumoniae,KpV513-sc-2010-06-22-227591,,,1
ERR025522,ERR025522,ILLUMINA,SAMEA882298,geo_loc_name_country,Klebsiella pneumoniae,ILLUMINA,2011-03-18T00:00:00Z,SAMEA882298,ERP000165,ERS011859,MM50237,USA,North America,USA,MM50237,Monkey,2008,healthy,respiratory,,,,,,ERS011859,Klebsiella pneumoniae,1
ERR025678,ERR025678,ILLUMINA,SAMEA882253,geo_loc_name_country,Klebsiella pneumoniae,ILLUMINA,2011-03-18T00:00:00Z,SAMEA882253,ERP000165,71B-sc-2010-06-22-227522,QMP B2-090,USA,North America,USA,QMP B2-090,Bovine,2006,diseased,sterile,2011-02-14T17:17:43Z,2018-03-09T09:52:29Z,SAMEA882253,Klebsiella pneumoniae,71B-sc-2010-06-22-227522,,,1
ERR025471,ERR025471,ILLUMINA,SAMEA882196,geo_loc_name_country,Klebsiella pneumoniae,ILLUMINA,2011-03-18T00:00:00Z,SAMEA882196,ERP000165,ERS011800,QMP B2-170,USA,North America,USA,QMP B2-170,Bovine,2006,diseased,sterile,,,,,,ERS011800,Klebsiella pneumoniae,1
ERR025484,ERR025484,ILLUMINA,SAMEA882245,geo_loc_name_country,Klebsiella pneumoniae,ILLUMINA,2011-03-18T00:00:00Z,SAMEA882245,ERP000165,QMP_B2_176-sc-2010-06-22-227545,QMP B2-176,USA,North America,USA,QMP B2-176,Bovine,2006,diseased,sterile,2011-02-14T17:17:44Z,2018-03-09T09:52:29Z,SAMEA882245,Klebsiella pneumoniae,QMP_B2_176-sc-2010-06-22-227545,,,1
ERR025562,ERR025562,ILLUMINA,SAMEA882119,geo_loc_name_country,Klebsiella pneumoniae,ILLUMINA,2011-03-18T00:00:00Z,SAMEA882119,ERP000165,K231An-sc-2010-06-22-227558,QMP B2-211,USA,North America,USA,QMP B2-211,Bovine,2006,diseased,sterile,2011-02-14T17:17:43Z,2018-03-09T09:52:29Z,SAMEA882119,Klebsiella pneumoniae,K231An-sc-2010-06-22-227558,,,1
ERR025510,ERR025510,ILLUMINA,SAMEA882048,geo_loc_name_country,Klebsiella pneumoniae,ILLUMINA,2011-03-18T00:00:00Z,SAMEA882048,ERP000165,QMP_B2_223-sc-2010-06-22-227581,QMP B2-223,USA,North America,USA,QMP B2-223,Bovine,2006,diseased,sterile,2011-02-14T17:17:44Z,2018-03-09T09:52:29Z,SAMEA882048,Klebsiella pneumoniae,QMP_B2_223-sc-2010-06-22-227581,,,1
ERR025523,ERR025523,ILLUMINA,SAMEA882287,geo_loc_name_country,Klebsiella pneumoniae,ILLUMINA,2011-03-18T00:00:00Z,SAMEA882287,ERP000165,ERS011860,QMP B2-228,USA,North America,USA,QMP B2-228,Bovine,2006,diseased,sterile,,,,,,ERS011860,Klebsiella pneumoniae,1
ERR025575,ERR025575,ILLUMINA,SAMEA882009,geo_loc_name_country,Klebsiella pneumoniae,ILLUMINA,2011-03-18T00:00:00Z,SAMEA882009,ERP000165,QMP_B2_248-sc-2010-06-22-227605,QMP B2-248,USA,North America,USA,QMP B2-248,Bovine,2006,healthy,intestinal,2011-02-14T17:17:44Z,2018-03-09T09:52:29Z,SAMEA882009,Klebsiella pneumoniae,QMP_B2_248-sc-2010-06-22-227605,,,1
ERR025536,ERR025536,ILLUMINA,SAMEA882181,geo_loc_name_country,Klebsiella pneumoniae,ILLUMINA,2011-03-18T00:00:00Z,SAMEA882181,ERP000165,QMP_B2_252-sc-2010-06-22-227617,QMP B2-252,USA,North America,USA,QMP B2-252,Bovine,2006,healthy,intestinal,2011-02-14T17:17:44Z,2018-03-09T09:52:29Z,SAMEA882181,Klebsiella pneumoniae,QMP_B2_252-sc-2010-06-22-227617,,,1
ERR025588,ERR025588,ILLUMINA,SAMEA882221,geo_loc_name_country,Klebsiella pneumoniae,ILLUMINA,2011-03-18T00:00:00Z,SAMEA882221,ERP000165,QMP_B2_282-sc-2010-06-22-227629,QMP B2-282,USA,North America,USA,QMP B2-282,Bovine,2006,healthy,intestinal,2011-02-14T17:17:44Z,2018-03-09T09:52:29Z,SAMEA882221,Klebsiella pneumoniae,QMP_B2_282-sc-2010-06-22-227629,,,1
ERR025549,ERR025549,ILLUMINA,SAMEA882117,geo_loc_name_country,Klebsiella variicola,ILLUMINA,2011-03-18T00:00:00Z,SAMEA882117,ERP000165,QMP_B2_288-sc-2010-06-22-227641,QMP B2-288,USA,North America,USA,QMP B2-288,Bovine,2006,healthy,intestinal,2011-02-14T17:17:44Z,2018-03-09T09:52:29Z,SAMEA882117,Klebsiella variicola,QMP_B2_288-sc-2010-06-22-227641,,,1
ERR025120,ERR025120,ILLUMINA,SAMEA882182,geo_loc_name_country,Klebsiella variicola,ILLUMINA,2011-03-18T00:00:00Z,SAMEA882182,ERP000165,ERS011920,QMP B2-340,USA,North America,USA,QMP B2-340,Bovine,2006,healthy,intestinal,,,,,,ERS011920,Klebsiella variicola,1
ERR025113,ERR025113,ILLUMINA,SAMEA882186,geo_loc_name_country,Klebsiella pneumoniae,ILLUMINA,2011-03-18T00:00:00Z,SAMEA882186,ERP000165,QMP_B2_344-sc-2010-06-22-227657,QMP B2-344,USA,North America,USA,QMP B2-344,Bovine,2006,healthy,intestinal,2011-02-14T17:17:44Z,2018-03-09T09:52:29Z,SAMEA882186,Klebsiella pneumoniae,QMP_B2_344-sc-2010-06-22-227657,,,1
ERR025114,ERR025114,ILLUMINA,SAMEA882187,geo_loc_name_country,Klebsiella variicola,ILLUMINA,2011-03-18T00:00:00Z,SAMEA882187,ERP000165,ERS011925,QMP B2-481,USA,North America,USA,QMP B2-481,Bovine,2006,healthy,intestinal,,,,,,ERS011925,Klebsiella variicola,1
ERR025124,ERR025124,ILLUMINA,SAMEA882188,geo_loc_name_country,Klebsiella variicola,ILLUMINA,2011-03-18T00:00:00Z,SAMEA882188,ERP000165,ERS011926,QMP B2-483,USA,North America,USA,QMP B2-483,Bovine,2006,healthy,intestinal,,,,,,ERS011926,Klebsiella variicola,1
ERR025128,ERR025128,ILLUMINA,SAMEA882189,geo_loc_name_country,Klebsiella pneumoniae,ILLUMINA,2011-03-18T00:00:00Z,SAMEA882189,ERP000165,ERS011927,QMP B2-563,USA,North America,USA,QMP B2-563,Bovine,2006,diseased,sterile,,,,,,ERS011927,Klebsiella pneumoniae,1
ERR025613,ERR025613,ILLUMINA,SAMEA882294,geo_loc_name_country,Klebsiella pneumoniae,ILLUMINA,2011-03-18T00:00:00Z,SAMEA882294,ERP000165,QMP_M1_029-sc-2010-06-22-227724,QMP M1-029,USA,North America,USA,QMP M1-029,Bovine,2005,healthy,intestinal,2011-02-14T17:17:44Z,2018-03-09T09:52:29Z,SAMEA882294,Klebsiella pneumoniae,QMP_M1_029-sc-2010-06-22-227724,,,1
ERR025131,ERR025131,ILLUMINA,SAMEA882144,geo_loc_name_country,Klebsiella pneumoniae,ILLUMINA,2011-03-18T00:00:00Z,SAMEA882144,ERP000165,ERS011930,QMP M1-030,USA,North America,USA,QMP M1-030,Bovine,2005,healthy,intestinal,,,,,,ERS011930,Klebsiella pneumoniae,1
ERR025132,ERR025132,ILLUMINA,SAMEA882143,geo_loc_name_country,Klebsiella pneumoniae,ILLUMINA,2011-03-18T00:00:00Z,SAMEA882143,ERP000165,QMP_M1_031-sc-2010-06-22-227664,QMP M1-031,USA,North America,USA,QMP M1-031,Bovine,2005,healthy,intestinal,2011-02-14T17:17:44Z,2018-03-09T09:52:29Z,SAMEA882143,Klebsiella pneumoniae,QMP_M1_031-sc-2010-06-22-227664,,,1
ERR025134,ERR025134,ILLUMINA,SAMEA882141,geo_loc_name_country,Klebsiella variicola,ILLUMINA,2011-03-18T00:00:00Z,SAMEA882141,ERP000165,QMP_M1_043-sc-2010-06-22-227666,QMP M1-043,USA,North America,USA,QMP M1-043,Bovine,2005,healthy,intestinal,2011-02-14T17:17:44Z,2018-03-09T09:52:29Z,SAMEA882141,Klebsiella variicola,QMP_M1_043-sc-2010-06-22-227666,,,1
ERR025135,ERR025135,ILLUMINA,SAMEA882140,geo_loc_name_country,Klebsiella pneumoniae,ILLUMINA,2011-03-18T00:00:00Z,SAMEA882140,ERP000165,QMP_M1_044-sc-2010-06-22-227667,QMP M1-044,USA,North America,USA,QMP M1-044,Bovine,2005,healthy,intestinal,2011-02-14T17:17:44Z,2018-03-09T09:52:29Z,SAMEA882140,Klebsiella pneumoniae,QMP_M1_044-sc-2010-06-22-227667,,,1
ERR025125,ERR025125,ILLUMINA,SAMEA882139,geo_loc_name_country,Klebsiella pneumoniae,ILLUMINA,2011-03-18T00:00:00Z,SAMEA882139,ERP000165,QMP_M1_051-sc-2010-06-22-227668,QMP M1-051,USA,North America,USA,QMP M1-051,Bovine,2005,healthy,intestinal,2011-02-14T17:17:44Z,2018-03-09T09:52:30Z,SAMEA882139,Klebsiella pneumoniae,QMP_M1_051-sc-2010-06-22-227668,,,1
ERR025150,ERR025150,ILLUMINA,SAMEA881988,geo_loc_name_country,Klebsiella pneumoniae,ILLUMINA,2011-03-18T00:00:00Z,SAMEA881988,ERP000165,QMP_M1_557-sc-2010-06-22-227683,QMP M1-200,USA,North America,USA,QMP M1-200,Bovine,2005,diseased,sterile,2011-02-14T17:17:44Z,2018-03-09T09:52:30Z,SAMEA881988,Klebsiella pneumoniae,QMP_M1_557-sc-2010-06-22-227683,,,1
ERR025154,ERR025154,ILLUMINA,SAMEA882256,geo_loc_name_country,Klebsiella pneumoniae,ILLUMINA,2011-03-18T00:00:00Z,SAMEA882256,ERP000165,QMP_M1_559-sc-2010-06-22-227684,QMP M1-217,USA,North America,USA,QMP M1-217,Bovine,2005,diseased,sterile,2011-02-14T17:17:44Z,2018-03-09T09:52:29Z,SAMEA882256,Klebsiella pneumoniae,QMP_M1_559-sc-2010-06-22-227684,,,1
ERR025155,ERR025155,ILLUMINA,SAMEA882234,geo_loc_name_country,Klebsiella pneumoniae,ILLUMINA,2011-03-18T00:00:00Z,SAMEA882234,ERP000165,QMP_M1_560-sc-2010-06-22-227685,QMP M1-218,USA,North America,USA,QMP M1-218,Bovine,2005,diseased,sterile,2011-02-14T17:17:44Z,2018-03-09T09:52:29Z,SAMEA882234,Klebsiella pneumoniae,QMP_M1_560-sc-2010-06-22-227685,,,1
ERR025156,ERR025156,ILLUMINA,SAMEA882233,geo_loc_name_country,Klebsiella pneumoniae,ILLUMINA,2011-03-18T00:00:00Z,SAMEA882233,ERP000165,QMP_M1_561-sc-2010-06-22-227686,QMP M1-220,USA,North America,USA,QMP M1-220,Bovine,2005,diseased,sterile,2011-02-14T17:17:44Z,2018-03-09T09:52:30Z,SAMEA882233,Klebsiella pneumoniae,QMP_M1_561-sc-2010-06-22-227686,,,1
ERR025157,ERR025157,ILLUMINA,SAMEA882228,geo_loc_name_country,Klebsiella pneumoniae,ILLUMINA,2011-03-18T00:00:00Z,SAMEA882228,ERP000165,ERS011954,QMP M1-222,USA,North America,USA,QMP M1-222,Bovine,2005,diseased,sterile,,,,,,ERS011954,Klebsiella pneumoniae,1
ERR025158,ERR025158,ILLUMINA,SAMEA882227,geo_loc_name_country,Klebsiella pneumoniae,ILLUMINA,2011-03-18T00:00:00Z,SAMEA882227,ERP000165,QMP_M1_726-sc-2010-06-22-227688,QMP M1-375,USA,North America,USA,QMP M1-375,Bovine,2005,healthy,intestinal,2011-02-14T17:17:44Z,2018-03-09T09:52:29Z,SAMEA882227,Klebsiella pneumoniae,QMP_M1_726-sc-2010-06-22-227688,,,1
ERR025159,ERR025159,ILLUMINA,SAMEA882268,geo_loc_name_country,Klebsiella pneumoniae,ILLUMINA,2011-03-18T00:00:00Z,SAMEA882268,ERP000165,QMP_M1_728-sc-2010-06-22-227689,QMP M1-376,USA,North America,USA,QMP M1-376,Bovine,2005,healthy,intestinal,2011-02-14T17:17:44Z,2018-03-09T09:52:30Z,SAMEA882268,Klebsiella pneumoniae,QMP_M1_728-sc-2010-06-22-227689,,,1
ERR025160,ERR025160,ILLUMINA,SAMEA882229,geo_loc_name_country,Klebsiella pneumoniae,ILLUMINA,2011-03-18T00:00:00Z,SAMEA882229,ERP000165,QMP_M1_761-sc-2010-06-22-227690,QMP M1-378,USA,North America,USA,QMP M1-378,Bovine,2005,healthy,intestinal,2011-02-14T17:17:44Z,2018-03-09T09:52:29Z,SAMEA882229,Klebsiella pneumoniae,QMP_M1_761-sc-2010-06-22-227690,,,1
ERR025161,ERR025161,ILLUMINA,SAMEA882224,geo_loc_name_country,Klebsiella pneumoniae,ILLUMINA,2011-03-18T00:00:00Z,SAMEA882224,ERP000165,QMP_M1_763-sc-2010-06-22-227691,QMP M1-406,USA,North America,USA,QMP M1-406,Environmental,2005,NA,environment,2011-02-14T17:17:44Z,2018-03-09T09:52:29Z,SAMEA882224,Klebsiella pneumoniae,QMP_M1_763-sc-2010-06-22-227691,,,1
ERR025607,ERR025607,ILLUMINA,SAMEA882162,geo_loc_name_country,Klebsiella pneumoniae,ILLUMINA,2011-03-18T00:00:00Z,SAMEA882162,ERP000165,QMP_M1_407-sc-2010-06-22-227729,QMP M1-407,USA,North America,USA,QMP M1-407,Environmental,2005,NA,environment,2011-02-14T17:17:44Z,2018-03-09T09:52:29Z,SAMEA882162,Klebsiella pneumoniae,QMP_M1_407-sc-2010-06-22-227729,,,1
ERR025151,ERR025151,ILLUMINA,SAMEA882135,geo_loc_name_country,Klebsiella pneumoniae,ILLUMINA,2011-03-18T00:00:00Z,SAMEA882135,ERP000165,QMP_M1_765-sc-2010-06-22-227692,QMP M1-413,USA,North America,USA,QMP M1-413,Environmental,2005,NA,environment,2011-02-14T17:17:44Z,2018-03-09T09:52:30Z,SAMEA882135,Klebsiella pneumoniae,QMP_M1_765-sc-2010-06-22-227692,,,1
ERR025614,ERR025614,ILLUMINA,SAMEA882092,geo_loc_name_country,Klebsiella pneumoniae,ILLUMINA,2011-03-18T00:00:00Z,SAMEA882092,ERP000165,ERS011992,QMP M1-414,USA,North America,USA,QMP M1-414,Environmental,2005,,environment,,,,,,ERS011992,Klebsiella pneumoniae,1
ERR025152,ERR025152,ILLUMINA,SAMEA882023,geo_loc_name_country,Klebsiella pneumoniae,ILLUMINA,2011-03-18T00:00:00Z,SAMEA882023,ERP000165,ERS011960,QMP M1-415,USA,North America,USA,QMP M1-415,Environmental,2005,,environment,,,,,,ERS011960,Klebsiella pneumoniae,1
ERR025608,ERR025608,ILLUMINA,SAMEA882095,geo_loc_name_country,Klebsiella pneumoniae,ILLUMINA,2011-03-18T00:00:00Z,SAMEA882095,ERP000165,ERS011997,QMP M1-418,USA,North America,USA,QMP M1-418,Environmental,2005,,environment,,,,,,ERS011997,Klebsiella pneumoniae,1
ERR025153,ERR025153,ILLUMINA,SAMEA882024,geo_loc_name_country,Klebsiella variicola,ILLUMINA,2011-03-18T00:00:00Z,SAMEA882024,ERP000165,QMP_M1_771-sc-2010-06-22-227694,QMP M1-428,USA,North America,USA,QMP M1-428,Bovine,2005,diseased,sterile,2011-02-14T17:17:44Z,2018-03-09T09:52:29Z,SAMEA882024,Klebsiella variicola,QMP_M1_771-sc-2010-06-22-227694,,,1
ERR025137,ERR025137,ILLUMINA,SAMEA882152,geo_loc_name_country,Klebsiella pneumoniae,ILLUMINA,2011-03-18T00:00:00Z,SAMEA882152,ERP000165,ERS011938,QMP M1-557,USA,North America,USA,QMP M1-557,Bovine,2005,diseased,sterile,,,,,,ERS011938,Klebsiella pneumoniae,1
ERR025141,ERR025141,ILLUMINA,SAMEA882151,geo_loc_name_country,Klebsiella pneumoniae,ILLUMINA,2011-03-18T00:00:00Z,SAMEA882151,ERP000165,ERS011939,QMP M1-559,USA,North America,USA,QMP M1-559,Bovine,2005,diseased,sterile,,,,,,ERS011939,Klebsiella pneumoniae,1
ERR025142,ERR025142,ILLUMINA,SAMEA882270,geo_loc_name_country,Klebsiella pneumoniae,ILLUMINA,2011-03-18T00:00:00Z,SAMEA882270,ERP000165,ERS011940,QMP M1-560,USA,North America,USA,QMP M1-560,Bovine,2005,diseased,sterile,,,,,,ERS011940,Klebsiella pneumoniae,1
ERR025143,ERR025143,ILLUMINA,SAMEA882271,geo_loc_name_country,Klebsiella pneumoniae,ILLUMINA,2011-03-18T00:00:00Z,SAMEA882271,ERP000165,ERS011941,QMP M1-561,USA,North America,USA,QMP M1-561,Bovine,2005,diseased,sterile,,,,,,ERS011941,Klebsiella pneumoniae,1
ERR025144,ERR025144,ILLUMINA,SAMEA882216,geo_loc_name_country,Klebsiella pneumoniae,ILLUMINA,2011-03-18T00:00:00Z,SAMEA882216,ERP000165,QMP_M1_222-sc-2010-06-22-227675,QMP M1-562,USA,North America,USA,QMP M1-562,Bovine,2005,diseased,sterile,2011-02-14T17:17:44Z,2018-03-09T09:52:29Z,SAMEA882216,Klebsiella pneumoniae,QMP_M1_222-sc-2010-06-22-227675,,,1
ERR025145,ERR025145,ILLUMINA,SAMEA882269,geo_loc_name_country,Klebsiella variicola,ILLUMINA,2011-03-18T00:00:00Z,SAMEA882269,ERP000165,ERS011943,QMP M1-726,USA,North America,USA,QMP M1-726,Bovine,2006,diseased,sterile,,,,,,ERS011943,Klebsiella variicola,1
ERR025146,ERR025146,ILLUMINA,SAMEA882266,geo_loc_name_country,Klebsiella pneumoniae,ILLUMINA,2011-03-18T00:00:00Z,SAMEA882266,ERP000165,ERS011944,QMP M1-728,USA,North America,USA,QMP M1-728,Bovine,2006,diseased,sterile,,,,,,ERS011944,Klebsiella pneumoniae,1
ERR025147,ERR025147,ILLUMINA,SAMEA882267,geo_loc_name_country,Klebsiella pneumoniae,ILLUMINA,2011-03-18T00:00:00Z,SAMEA882267,ERP000165,QMP_M1_378-sc-2010-06-22-227678,QMP M1-761,USA,North America,USA,QMP M1-761,Bovine,2006,diseased,sterile,2011-02-14T17:17:44Z,2018-03-09T09:52:29Z,SAMEA882267,Klebsiella pneumoniae,QMP_M1_378-sc-2010-06-22-227678,,,1
ERR025148,ERR025148,ILLUMINA,SAMEA882264,geo_loc_name_country,Klebsiella variicola,ILLUMINA,2011-03-18T00:00:00Z,SAMEA882264,ERP000165,QMP_M1_406-sc-2010-06-22-227679,QMP M1-763,USA,North America,USA,QMP M1-763,Bovine,2006,healthy,intestinal,2011-02-14T17:17:44Z,2018-03-09T09:52:29Z,SAMEA882264,Klebsiella variicola,QMP_M1_406-sc-2010-06-22-227679,,,1
ERR025138,ERR025138,ILLUMINA,SAMEA882265,geo_loc_name_country,Klebsiella variicola,ILLUMINA,2011-03-18T00:00:00Z,SAMEA882265,ERP000165,QMP_M1_413-sc-2010-06-22-227680,QMP M1-765,USA,North America,USA,QMP M1-765,Bovine,2006,healthy,intestinal,2011-02-14T17:17:44Z,2018-03-09T09:52:30Z,SAMEA882265,Klebsiella variicola,QMP_M1_413-sc-2010-06-22-227680,,,1
ERR025139,ERR025139,ILLUMINA,SAMEA882262,geo_loc_name_country,Klebsiella pneumoniae,ILLUMINA,2011-03-18T00:00:00Z,SAMEA882262,ERP000165,QMP_M1_415-sc-2010-06-22-227681,QMP M1-766,USA,North America,USA,QMP M1-766,Bovine,2006,healthy,intestinal,2011-02-14T17:17:44Z,2018-03-09T09:52:29Z,SAMEA882262,Klebsiella pneumoniae,QMP_M1_415-sc-2010-06-22-227681,,,1
ERR025140,ERR025140,ILLUMINA,SAMEA882263,geo_loc_name_country,Klebsiella pneumoniae,ILLUMINA,2011-03-18T00:00:00Z,SAMEA882263,ERP000165,QMP_M1_428-sc-2010-06-22-227682,QMP M1-771,USA,North America,USA,QMP M1-771,Homo sapiens,2006,diseased,sterile,2011-02-14T17:17:44Z,2018-03-09T09:52:29Z,SAMEA882263,Klebsiella pneumoniae,QMP_M1_428-sc-2010-06-22-227682,,,1
ERR025625,ERR025625,ILLUMINA,SAMEA882035,geo_loc_name_country,Klebsiella pneumoniae,ILLUMINA,2011-03-18T00:00:00Z,SAMEA882035,ERP000165,ERS012002,QMP M1-776,USA,North America,USA,QMP M1-776,Homo sapiens,2006,diseased,sterile,,,,,,ERS012002,Klebsiella pneumoniae,1
ERR025979,ERR025979,ILLUMINA,SAMEA882025,geo_loc_name_country,Klebsiella pneumoniae,ILLUMINA,2011-03-18T00:00:00Z,SAMEA882025,ERP000165,QMP_M1_781-sc-2010-06-22-227695,QMP M1-781,USA,North America,USA,QMP M1-781,Bovine,2006,diseased,sterile,2011-02-14T17:17:45Z,2018-03-09T09:52:30Z,SAMEA882025,Klebsiella pneumoniae,QMP_M1_781-sc-2010-06-22-227695,,,1
ERR025984,ERR025984,ILLUMINA,SAMEA882019,geo_loc_name_country,Klebsiella pneumoniae,ILLUMINA,2011-03-18T00:00:00Z,SAMEA882019,ERP000165,QMP_M1_822-sc-2010-06-22-227697,QMP M1-822,USA,North America,USA,QMP M1-822,Bovine,2006,diseased,sterile,2011-02-14T17:17:44Z,2018-03-09T09:52:29Z,SAMEA882019,Klebsiella pneumoniae,QMP_M1_822-sc-2010-06-22-227697,,,1
ERR025985,ERR025985,ILLUMINA,SAMEA882020,geo_loc_name_country,Klebsiella pneumoniae,ILLUMINA,2011-03-18T00:00:00Z,SAMEA882020,ERP000165,ERS011965,QMP M1-826,USA,North America,USA,QMP M1-826,Bovine,2006,diseased,sterile,,,,,,ERS011965,Klebsiella pneumoniae,1
ERR025986,ERR025986,ILLUMINA,SAMEA882021,geo_loc_name_country,Klebsiella quasipneumoniae,ILLUMINA,2011-03-18T00:00:00Z,SAMEA882021,ERP000165,QMP_M1_861-sc-2010-06-22-227699,QMP M1-861,USA,North America,USA,QMP M1-861,Homo sapiens,2006,diseased,sterile,2011-02-14T17:17:44Z,2018-03-09T09:52:29Z,SAMEA882021,Klebsiella quasipneumoniae,QMP_M1_861-sc-2010-06-22-227699,,,1
ERR025628,ERR025628,ILLUMINA,SAMEA882034,geo_loc_name_country,Klebsiella pneumoniae,ILLUMINA,2011-03-18T00:00:00Z,SAMEA882034,ERP000165,ERS012005,QMP M1-862,USA,North America,USA,QMP M1-862,Homo sapiens,2006,diseased,sterile,,,,,,ERS012005,Klebsiella pneumoniae,1
ERR025629,ERR025629,ILLUMINA,SAMEA882031,geo_loc_name_country,Klebsiella pneumoniae,ILLUMINA,2011-03-18T00:00:00Z,SAMEA882031,ERP000165,QMP_M1_868-sc-2010-06-22-227739,QMP M1-868,USA,North America,USA,QMP M1-868,Homo sapiens,2006,diseased,sterile,2011-02-14T17:17:44Z,2018-03-09T09:52:29Z,SAMEA882031,Klebsiella pneumoniae,QMP_M1_868-sc-2010-06-22-227739,,,1
ERR025988,ERR025988,ILLUMINA,SAMEA882028,geo_loc_name_country,Klebsiella pneumoniae,ILLUMINA,2011-03-18T00:00:00Z,SAMEA882028,ERP000165,QMP_M1_882-sc-2010-06-22-227701,QMP M1-882,USA,North America,USA,QMP M1-882,Homo sapiens,2007,diseased,urine,2011-02-14T17:17:45Z,2018-03-09T09:52:30Z,SAMEA882028,Klebsiella pneumoniae,QMP_M1_882-sc-2010-06-22-227701,,,1
ERR025989,ERR025989,ILLUMINA,SAMEA882029,geo_loc_name_country,Klebsiella pneumoniae,ILLUMINA,2011-03-18T00:00:00Z,SAMEA882029,ERP000165,QMP_M1_884-sc-2010-06-22-227702,QMP M1-884,USA,North America,USA,QMP M1-884,Homo sapiens,2007,diseased,urine,2011-02-14T17:17:44Z,2018-03-09T09:52:29Z,SAMEA882029,Klebsiella pneumoniae,QMP_M1_884-sc-2010-06-22-227702,,,1
ERR025980,ERR025980,ILLUMINA,SAMEA881982,geo_loc_name_country,Klebsiella pneumoniae,ILLUMINA,2011-03-18T00:00:00Z,SAMEA881982,ERP000165,ERS011971,QMP M1-886,USA,North America,USA,QMP M1-886,Homo sapiens,2007,diseased,urine,,,,,,ERS011971,Klebsiella pneumoniae,1
ERR025982,ERR025982,ILLUMINA,SAMEA881980,geo_loc_name_country,Klebsiella variicola,ILLUMINA,2011-03-18T00:00:00Z,SAMEA881980,ERP000165,QMP_M1_888-sc-2010-06-22-227706,QMP M1-888,USA,North America,USA,QMP M1-888,Homo sapiens,2007,diseased,urine,2011-02-14T17:17:44Z,2018-03-09T09:52:29Z,SAMEA881980,Klebsiella variicola,QMP_M1_888-sc-2010-06-22-227706,,,1
ERR025596,ERR025596,ILLUMINA,SAMEA881986,geo_loc_name_country,Klebsiella pneumoniae,ILLUMINA,2011-03-18T00:00:00Z,SAMEA881986,ERP000165,QMP_M1_891-sc-2010-06-22-227708,QMP M1-891,USA,North America,USA,QMP M1-891,Homo sapiens,2007,diseased,urine,2011-02-14T17:17:44Z,2018-03-09T09:52:29Z,SAMEA881986,Klebsiella pneumoniae,QMP_M1_891-sc-2010-06-22-227708,,,1
ERR025597,ERR025597,ILLUMINA,SAMEA881985,geo_loc_name_country,Klebsiella pneumoniae,ILLUMINA,2011-03-18T00:00:00Z,SAMEA881985,ERP000165,QMP_M1_892-sc-2010-06-22-227709,QMP M1-892,USA,North America,USA,QMP M1-892,Homo sapiens,2007,diseased,urine,2011-02-14T17:17:44Z,2018-03-09T09:52:29Z,SAMEA881985,Klebsiella pneumoniae,QMP_M1_892-sc-2010-06-22-227709,,,1
ERR025598,ERR025598,ILLUMINA,SAMEA881984,geo_loc_name_country,Klebsiella variicola,ILLUMINA,2011-03-18T00:00:00Z,SAMEA881984,ERP000165,QMP_M1_893-sc-2010-06-22-227710,QMP M1-893,USA,North America,USA,QMP M1-893,Homo sapiens,2007,diseased,urine,2011-02-14T17:17:45Z,2018-03-09T09:52:30Z,SAMEA881984,Klebsiella variicola,QMP_M1_893-sc-2010-06-22-227710,,,1
ERR025599,ERR025599,ILLUMINA,SAMEA881990,geo_loc_name_country,Klebsiella pneumoniae,ILLUMINA,2011-03-18T00:00:00Z,SAMEA881990,ERP000165,ERS011978,QMP M1-895,USA,North America,USA,QMP M1-895,Homo sapiens,2007,diseased,urine,,,,,,ERS011978,Klebsiella pneumoniae,1
ERR025600,ERR025600,ILLUMINA,SAMEA881989,geo_loc_name_country,Klebsiella pneumoniae,ILLUMINA,2011-03-18T00:00:00Z,SAMEA881989,ERP000165,ERS011979,QMP M1-896,USA,North America,USA,QMP M1-896,Homo sapiens,2007,diseased,urine,,,,,,ERS011979,Klebsiella pneumoniae,1
ERR025601,ERR025601,ILLUMINA,SAMEA882129,geo_loc_name_country,Klebsiella pneumoniae,ILLUMINA,2011-03-18T00:00:00Z,SAMEA882129,ERP000165,QMP_M1_963-sc-2010-06-22-227713,QMP M1-963,USA,North America,USA,QMP M1-963,Homo sapiens,2007,healthy,intestinal biopsy,2011-02-14T17:17:45Z,2018-03-09T09:52:30Z,SAMEA882129,Klebsiella pneumoniae,QMP_M1_963-sc-2010-06-22-227713,,,1
ERR025602,ERR025602,ILLUMINA,SAMEA882130,geo_loc_name_country,Klebsiella pneumoniae,ILLUMINA,2011-03-18T00:00:00Z,SAMEA882130,ERP000165,ERS011981,QMP M1-964,USA,North America,USA,QMP M1-964,Homo sapiens,2007,diseased,intestinal biopsy,,,,,,ERS011981,Klebsiella pneumoniae,1
ERR025593,ERR025593,ILLUMINA,SAMEA882128,geo_loc_name_country,Klebsiella pneumoniae,ILLUMINA,2011-03-18T00:00:00Z,SAMEA882128,ERP000165,QMP_M1_967-sc-2010-06-22-227716,QMP M1-967,USA,North America,USA,QMP M1-967,Homo sapiens,2007,diseased,intestinal biopsy,2011-02-14T17:17:45Z,2018-03-09T09:52:30Z,SAMEA882128,Klebsiella pneumoniae,QMP_M1_967-sc-2010-06-22-227716,,,1
ERR025594,ERR025594,ILLUMINA,SAMEA882133,geo_loc_name_country,Klebsiella pneumoniae,ILLUMINA,2011-03-18T00:00:00Z,SAMEA882133,ERP000165,QMP_M1_968-sc-2010-06-22-227717,QMP M1-968,USA,North America,USA,QMP M1-968,Homo sapiens,2007,healthy,intestinal biopsy,2011-02-14T17:17:44Z,2018-03-09T09:52:29Z,SAMEA882133,Klebsiella pneumoniae,QMP_M1_968-sc-2010-06-22-227717,,,1
ERR025595,ERR025595,ILLUMINA,SAMEA882134,geo_loc_name_country,Klebsiella pneumoniae,ILLUMINA,2011-03-18T00:00:00Z,SAMEA882134,ERP000165,QMP_M1_970-sc-2010-06-22-227718,QMP M1-970,USA,North America,USA,QMP M1-970,Homo sapiens,2007,diseased,intestinal biopsy,2011-02-14T17:17:44Z,2018-03-09T09:52:29Z,SAMEA882134,Klebsiella pneumoniae,QMP_M1_970-sc-2010-06-22-227718,,,1
ERR025605,ERR025605,ILLUMINA,SAMEA882131,geo_loc_name_country,Klebsiella pneumoniae,ILLUMINA,2011-03-18T00:00:00Z,SAMEA882131,ERP000165,QMP_M1_972-sc-2010-06-22-227719,QMP M1-972,USA,North America,USA,QMP M1-972,Homo sapiens,2007,diseased,intestinal biopsy,2011-02-14T17:17:45Z,2018-03-09T09:52:30Z,SAMEA882131,Klebsiella pneumoniae,QMP_M1_972-sc-2010-06-22-227719,,,1
ERR025609,ERR025609,ILLUMINA,SAMEA882132,geo_loc_name_country,Klebsiella pneumoniae,ILLUMINA,2011-03-18T00:00:00Z,SAMEA882132,ERP000165,ERS011987,QMP M1-974,USA,North America,USA,QMP M1-974,Homo sapiens,2007,healthy,intestinal biopsy,,,,,,ERS011987,Klebsiella pneumoniae,1
ERR025610,ERR025610,ILLUMINA,SAMEA882255,geo_loc_name_country,Klebsiella pneumoniae,ILLUMINA,2011-03-18T00:00:00Z,SAMEA882255,ERP000165,ERS011988,QMP M1-975,USA,North America,USA,QMP M1-975,Homo sapiens,2007,healthy,intestinal biopsy,,,,,,ERS011988,Klebsiella pneumoniae,1
ERR025611,ERR025611,ILLUMINA,SAMEA882192,geo_loc_name_country,Klebsiella quasipneumoniae,ILLUMINA,2011-03-18T00:00:00Z,SAMEA882192,ERP000165,ERS011989,QMP M1-977,USA,North America,USA,QMP M1-977,Homo sapiens,2007,healthy,intestinal biopsy,,,,,,ERS011989,Klebsiella quasipneumoniae,1
ERR025612,ERR025612,ILLUMINA,SAMEA882090,geo_loc_name_country,Klebsiella pneumoniae,ILLUMINA,2011-03-18T00:00:00Z,SAMEA882090,ERP000165,QMP_M1_980-sc-2010-06-22-227723,QMP M1-980,USA,North America,USA,QMP M1-980,Homo sapiens,2007,diseased,intestinal biopsy,2011-02-14T17:17:44Z,2018-03-09T09:52:29Z,SAMEA882090,Klebsiella pneumoniae,QMP_M1_980-sc-2010-06-22-227723,,,1
ERR025618,ERR025618,ILLUMINA,SAMEA882284,geo_loc_name_country,Klebsiella pneumoniae,ILLUMINA,2011-03-18T00:00:00Z,SAMEA882284,ERP000165,ERS011998,QMP M2-484,USA,North America,USA,QMP M2-484,Bovine,2007,healthy,intestinal,,,,,,ERS011998,Klebsiella pneumoniae,1
ERR025624,ERR025624,ILLUMINA,SAMEA882080,geo_loc_name_country,Klebsiella pneumoniae,ILLUMINA,2011-03-18T00:00:00Z,SAMEA882080,ERP000165,QMP_M2_654-sc-2010-06-22-227734,QMP M2-654,USA,North America,USA,QMP M2-654,Bovine,2007,healthy,intestinal,2011-02-14T17:17:45Z,2018-03-09T09:52:30Z,SAMEA882080,Klebsiella pneumoniae,QMP_M2_654-sc-2010-06-22-227734,,,1
ERR025627,ERR025627,ILLUMINA,SAMEA882033,geo_loc_name_country,Klebsiella pneumoniae,ILLUMINA,2011-03-18T00:00:00Z,SAMEA882033,ERP000165,QMP_M2_684-sc-2010-06-22-227737,QMP M2-684,USA,North America,USA,QMP M2-684,Bovine,2007,healthy,intestinal,2011-02-14T17:17:45Z,2018-03-09T09:52:30Z,SAMEA882033,Klebsiella pneumoniae,QMP_M2_684-sc-2010-06-22-227737,,,1
ERR025620,ERR025620,ILLUMINA,SAMEA882017,geo_loc_name_country,Klebsiella pneumoniae,ILLUMINA,2011-03-18T00:00:00Z,SAMEA882017,ERP000165,ERS012008,QMP Z4-702,USA,North America,USA,QMP Z4-702,Bovine,2006,diseased,sterile,,,,,,ERS012008,Klebsiella pneumoniae,1
ERR025653,ERR025653,ILLUMINA,SAMEA882099,geo_loc_name_country,Klebsiella pneumoniae,ILLUMINA,2011-03-18T00:00:00Z,SAMEA882099,ERP000165,QMP_Z4_709-sc-2010-06-22-227761,QMP Z4-709,USA,North America,USA,QMP Z4-709,Bovine,2006,diseased,sterile,2011-02-14T17:17:45Z,2018-03-09T09:52:30Z,SAMEA882099,Klebsiella pneumoniae,QMP_Z4_709-sc-2010-06-22-227761,,,1
ERR025666,ERR025666,ILLUMINA,SAMEA882257,geo_loc_name_country,Klebsiella pneumoniae,ILLUMINA,2011-03-18T00:00:00Z,SAMEA882257,ERP000165,QMP_Z4_712-sc-2010-06-22-227773,QMP Z4-712,USA,North America,USA,QMP Z4-712,Bovine,2006,diseased,sterile,2011-02-14T17:17:45Z,2018-03-09T09:52:30Z,SAMEA882257,Klebsiella pneumoniae,QMP_Z4_712-sc-2010-06-22-227773,,,1
ERR025999,ERR025999,ILLUMINA,SAMEA882148,geo_loc_name_country,Klebsiella pneumoniae,ILLUMINA,2011-03-18T00:00:00Z,SAMEA882148,ERP000165,ERS012052,QMP Z4-716,USA,North America,USA,QMP Z4-716,Bovine,2006,diseased,sterile,,,,,,ERS012052,Klebsiella pneumoniae,1
ERR025621,ERR025621,ILLUMINA,SAMEA882018,geo_loc_name_country,Klebsiella pneumoniae,ILLUMINA,2011-03-18T00:00:00Z,SAMEA882018,ERP000165,QMP_Z4_724-sc-2010-06-22-227742,QMP Z4-724,USA,North America,USA,QMP Z4-724,Bovine,2006,diseased,sterile,2011-02-14T17:17:44Z,2018-03-09T09:52:29Z,SAMEA882018,Klebsiella pneumoniae,QMP_Z4_724-sc-2010-06-22-227742,,,1
ERR025631,ERR025631,ILLUMINA,SAMEA881996,geo_loc_name_country,Klebsiella quasipneumoniae,ILLUMINA,2011-03-18T00:00:00Z,SAMEA881996,ERP000165,QMP_Z4_726-sc-2010-06-22-227743,QMP Z4-726,USA,North America,USA,QMP Z4-726,Bovine,2006,diseased,sterile,2011-02-14T17:17:45Z,2018-03-09T09:52:30Z,SAMEA881996,Klebsiella quasipneumoniae,QMP_Z4_726-sc-2010-06-22-227743,,,1
ERR025505,ERR025505,ILLUMINA,SAMEA882053,geo_loc_name_country,Klebsiella pneumoniae,ILLUMINA,2011-03-18T00:00:00Z,SAMEA882053,ERP000165,015_CN_2-sc-2010-06-22-227576,015-CN-2,Viet Nam,Asia,Viet Nam,015-CN-2,Homo sapiens,2007,healthy,intestinal,2011-02-14T17:17:43Z,2018-03-09T09:52:29Z,SAMEA882053,Klebsiella pneumoniae,015_CN_2-sc-2010-06-22-227576,,,1
ERR025507,ERR025507,ILLUMINA,SAMEA882051,geo_loc_name_country,Klebsiella quasipneumoniae,ILLUMINA,2011-03-18T00:00:00Z,SAMEA882051,ERP000165,ERS011845,033-CAZ-1,Viet Nam,Asia,Viet Nam,033-CAZ-1,Homo sapiens,2007,healthy,intestinal,,,,,,ERS011845,Klebsiella quasipneumoniae,1
ERR025468,ERR025468,ILLUMINA,SAMEA882205,geo_loc_name_country,Klebsiella pneumoniae,ILLUMINA,2011-03-18T00:00:00Z,SAMEA882205,ERP000165,07_0003m-sc-2010-06-22-227530,07-0003m,Viet Nam,Asia,Viet Nam,07-0003m,Homo sapiens,2007,diseased,sterile,2011-02-14T17:17:44Z,2018-03-09T09:52:29Z,SAMEA882205,Klebsiella pneumoniae,07_0003m-sc-2010-06-22-227530,,,1
ERR025470,ERR025470,ILLUMINA,SAMEA882209,geo_loc_name_country,Klebsiella pneumoniae,ILLUMINA,2011-03-18T00:00:00Z,SAMEA882209,ERP000165,07_2034m-sc-2010-06-22-227532,07-2034m,Viet Nam,Asia,Viet Nam,07-2034m,Homo sapiens,2007,diseased,sterile,2011-02-14T17:17:43Z,2018-03-09T09:52:28Z,SAMEA882209,Klebsiella pneumoniae,07_2034m-sc-2010-06-22-227532,,,1
ERR025509,ERR025509,ILLUMINA,SAMEA882049,geo_loc_name_country,Klebsiella quasipneumoniae,ILLUMINA,2011-03-18T00:00:00Z,SAMEA882049,ERP000165,ERS011847,073-CN-2,Viet Nam,Asia,Viet Nam,073-CN-2,Homo sapiens,2007,healthy,intestinal,,,,,,ERS011847,Klebsiella quasipneumoniae,1
ERR025677,ERR025677,ILLUMINA,SAMEA882252,geo_loc_name_country,Klebsiella pneumoniae,ILLUMINA,2011-03-18T00:00:00Z,SAMEA882252,ERP000165,QMP_B2_090-sc-2010-06-22-227521,08-0116m,Viet Nam,Asia,Viet Nam,08-0116m,Homo sapiens,2008,diseased,sterile,2011-02-14T17:17:43Z,2018-03-09T09:52:28Z,SAMEA882252,Klebsiella pneumoniae,QMP_B2_090-sc-2010-06-22-227521,,,1
ERR025675,ERR025675,ILLUMINA,SAMEA882249,geo_loc_name_country,Klebsiella pneumoniae,ILLUMINA,2011-03-18T00:00:00Z,SAMEA882249,ERP000165,ERS011786,08-0345m,Viet Nam,Asia,Viet Nam,08-0345m,Homo sapiens,2008,diseased,sterile,,,,,,ERS011786,Klebsiella pneumoniae,1
ERR025673,ERR025673,ILLUMINA,SAMEA882247,geo_loc_name_country,Klebsiella pneumoniae,ILLUMINA,2011-03-18T00:00:00Z,SAMEA882247,ERP000165,71M-sc-2010-06-22-227517,08-049B,Viet Nam,Asia,Viet Nam,08-049B,Homo sapiens,2008,diseased,respiratory,2011-02-14T17:17:43Z,2018-03-09T09:52:28Z,SAMEA882247,Klebsiella pneumoniae,71M-sc-2010-06-22-227517,,,1
ERR025473,ERR025473,ILLUMINA,SAMEA882297,geo_loc_name_country,Klebsiella pneumoniae,ILLUMINA,2011-03-18T00:00:00Z,SAMEA882297,ERP000165,ERS011802,08-058D,Viet Nam,Asia,Viet Nam,08-058D,Homo sapiens,2008,diseased,respiratory,,,,,,ERS011802,Klebsiella pneumoniae,1
ERR025671,ERR025671,ILLUMINA,SAMEA882300,geo_loc_name_country,Klebsiella variicola,ILLUMINA,2011-03-18T00:00:00Z,SAMEA882300,ERP000165,08_1737m-sc-2010-06-22-227525,08-109P,Viet Nam,Asia,Viet Nam,08-109P,Homo sapiens,2008,diseased,sterile,2011-02-14T17:17:43Z,2018-03-09T09:52:29Z,SAMEA882300,Klebsiella variicola,08_1737m-sc-2010-06-22-227525,,,1
ERR025464,ERR025464,ILLUMINA,SAMEA882200,geo_loc_name_country,Klebsiella pneumoniae,ILLUMINA,2011-03-18T00:00:00Z,SAMEA882200,ERP000165,ERS011804,08-1177m,Viet Nam,Asia,Viet Nam,08-1177m,Homo sapiens,2008,diseased,sterile,,,,,,ERS011804,Klebsiella pneumoniae,1
ERR025472,ERR025472,ILLUMINA,SAMEA882195,geo_loc_name_country,Klebsiella pneumoniae,ILLUMINA,2011-03-18T00:00:00Z,SAMEA882195,ERP000165,08_475T-sc-2010-06-22-227534,08-475T,Viet Nam,Asia,Viet Nam,08-475T,Homo sapiens,2009,diseased,sterile,2011-02-14T17:17:43Z,2018-03-09T09:52:29Z,SAMEA882195,Klebsiella pneumoniae,08_475T-sc-2010-06-22-227534,,,1
ERR025469,ERR025469,ILLUMINA,SAMEA882210,geo_loc_name_country,Klebsiella pneumoniae,ILLUMINA,2011-03-18T00:00:00Z,SAMEA882210,ERP000165,09_0079m-sc-2010-06-22-227531,09-0079m,Viet Nam,Asia,Viet Nam,09-0079m,Homo sapiens,2009,diseased,sterile,2011-02-14T17:17:43Z,2018-03-09T09:52:29Z,SAMEA882210,Klebsiella pneumoniae,09_0079m-sc-2010-06-22-227531,,,1
ERR025638,ERR025638,ILLUMINA,SAMEA881992,geo_loc_name_country,Klebsiella pneumoniae,ILLUMINA,2011-03-18T00:00:00Z,SAMEA881992,ERP000165,09_2006m-sc-2010-06-22-227747,09-2006m,Viet Nam,Asia,Viet Nam,09-2006m,Homo sapiens,2009,diseased,sterile,2011-02-14T17:17:44Z,2018-03-09T09:52:29Z,SAMEA881992,Klebsiella pneumoniae,09_2006m-sc-2010-06-22-227747,,,1
ERR025641,ERR025641,ILLUMINA,SAMEA882054,geo_loc_name_country,Klebsiella pneumoniae,ILLUMINA,2011-03-18T00:00:00Z,SAMEA882054,ERP000165,09_2072m-sc-2010-06-22-227750,09-2072m,Viet Nam,Asia,Viet Nam,09-2072m,Homo sapiens,2009,diseased,sterile,2011-02-14T17:17:44Z,2018-03-09T09:52:29Z,SAMEA882054,Klebsiella pneumoniae,09_2072m-sc-2010-06-22-227750,,,1
ERR025635,ERR025635,ILLUMINA,SAMEA881995,geo_loc_name_country,Klebsiella pneumoniae,ILLUMINA,2011-03-18T00:00:00Z,SAMEA881995,ERP000165,09_2503m-sc-2010-06-22-227744,09-2503m,Viet Nam,Asia,Viet Nam,09-2503m,Homo sapiens,2009,diseased,sterile,2011-02-14T17:17:44Z,2018-03-09T09:52:29Z,SAMEA881995,Klebsiella pneumoniae,09_2503m-sc-2010-06-22-227744,,,1
ERR025644,ERR025644,ILLUMINA,SAMEA882107,geo_loc_name_country,Klebsiella pneumoniae,ILLUMINA,2011-03-18T00:00:00Z,SAMEA882107,ERP000165,09_2801m-sc-2010-06-22-227755,09-2801m,Viet Nam,Asia,Viet Nam,09-2801m,Homo sapiens,2009,diseased,sterile,2011-02-14T17:17:45Z,2018-03-09T09:52:30Z,SAMEA882107,Klebsiella pneumoniae,09_2801m-sc-2010-06-22-227755,,,1
ERR025680,ERR025680,ILLUMINA,SAMEA882203,geo_loc_name_country,Klebsiella pneumoniae,ILLUMINA,2011-03-18T00:00:00Z,SAMEA882203,ERP000165,ERS011791,09-286G,Viet Nam,Asia,Viet Nam,09-286G,Homo sapiens,2009,diseased,urine,,,,,,ERS011791,Klebsiella pneumoniae,1
ERR025649,ERR025649,ILLUMINA,SAMEA882101,geo_loc_name_country,Klebsiella pneumoniae,ILLUMINA,2011-03-18T00:00:00Z,SAMEA882101,ERP000165,09_2985m-sc-2010-06-22-227757,09-2985m,Viet Nam,Asia,Viet Nam,09-2985m,Homo sapiens,2009,diseased,sterile,2011-02-14T17:17:44Z,2018-03-09T09:52:29Z,SAMEA882101,Klebsiella pneumoniae,09_2985m-sc-2010-06-22-227757,,,1
ERR025639,ERR025639,ILLUMINA,SAMEA881991,geo_loc_name_country,Klebsiella pneumoniae,ILLUMINA,2011-03-18T00:00:00Z,SAMEA881991,ERP000165,09_309B-sc-2010-06-22-227748,09-309B,Viet Nam,Asia,Viet Nam,09-309B,Homo sapiens,2009,diseased,respiratory,2011-02-14T17:17:44Z,2018-03-09T09:52:29Z,SAMEA881991,Klebsiella pneumoniae,09_309B-sc-2010-06-22-227748,,,1
ERR025633,ERR025633,ILLUMINA,SAMEA882105,geo_loc_name_country,Klebsiella pneumoniae,ILLUMINA,2011-03-18T00:00:00Z,SAMEA882105,ERP000165,09_332B-sc-2010-06-22-227753,09-332B,Viet Nam,Asia,Viet Nam,09-332B,Homo sapiens,2009,diseased,respiratory,2011-02-14T17:17:44Z,2018-03-09T09:52:29Z,SAMEA882105,Klebsiella pneumoniae,09_332B-sc-2010-06-22-227753,,,1
ERR025648,ERR025648,ILLUMINA,SAMEA882108,geo_loc_name_country,Klebsiella pneumoniae,ILLUMINA,2011-03-18T00:00:00Z,SAMEA882108,ERP000165,09_341B-sc-2010-06-22-227756,09-341B,Viet Nam,Asia,Viet Nam,09-341B,Homo sapiens,2009,diseased,respiratory,2011-02-14T17:17:44Z,2018-03-09T09:52:30Z,SAMEA882108,Klebsiella pneumoniae,09_341B-sc-2010-06-22-227756,,,1
ERR025634,ERR025634,ILLUMINA,SAMEA882106,geo_loc_name_country,Klebsiella pneumoniae,ILLUMINA,2011-03-18T00:00:00Z,SAMEA882106,ERP000165,09_370B-sc-2010-06-22-227754,09-370B,Viet Nam,Asia,Viet Nam,09-370B,Homo sapiens,2009,diseased,respiratory,2011-02-14T17:17:44Z,2018-03-09T09:52:29Z,SAMEA882106,Klebsiella pneumoniae,09_370B-sc-2010-06-22-227754,,,1
ERR025637,ERR025637,ILLUMINA,SAMEA881997,geo_loc_name_country,Klebsiella pneumoniae,ILLUMINA,2011-03-18T00:00:00Z,SAMEA881997,ERP000165,09_406B-sc-2010-06-22-227746,09-406B,Viet Nam,Asia,Viet Nam,09-406B,Homo sapiens,2009,diseased,respiratory,2011-02-14T17:17:45Z,2018-03-09T09:52:30Z,SAMEA881997,Klebsiella pneumoniae,09_406B-sc-2010-06-22-227746,,,1
ERR025632,ERR025632,ILLUMINA,SAMEA882030,geo_loc_name_country,Klebsiella quasipneumoniae,ILLUMINA,2011-03-18T00:00:00Z,SAMEA882030,ERP000165,09_439B-sc-2010-06-22-227752,09-439B,Viet Nam,Asia,Viet Nam,09-439B,Homo sapiens,2009,diseased,respiratory,2011-02-14T17:17:45Z,2018-03-09T09:52:30Z,SAMEA882030,Klebsiella quasipneumoniae,09_439B-sc-2010-06-22-227752,,,1
ERR025463,ERR025463,ILLUMINA,SAMEA882193,geo_loc_name_country,Klebsiella variicola,ILLUMINA,2011-03-18T00:00:00Z,SAMEA882193,ERP000165,1892m-sc-2010-06-22-227536,1892m,Viet Nam,Asia,Viet Nam,1892m,Homo sapiens,2008,diseased,sterile,2011-02-14T17:17:44Z,2018-03-09T09:52:29Z,SAMEA882193,Klebsiella variicola,1892m-sc-2010-06-22-227536,,,1
ERR025654,ERR025654,ILLUMINA,SAMEA882100,geo_loc_name_country,Klebsiella pneumoniae,ILLUMINA,2011-03-18T00:00:00Z,SAMEA882100,ERP000165,2358m-sc-2010-06-22-227762,2358m,Viet Nam,Asia,Viet Nam,2358m,Homo sapiens,2008,diseased,sterile,2011-02-14T17:17:44Z,2018-03-09T09:52:30Z,SAMEA882100,Klebsiella pneumoniae,2358m-sc-2010-06-22-227762,,,1
ERR025676,ERR025676,ILLUMINA,SAMEA882250,geo_loc_name_country,Klebsiella pneumoniae,ILLUMINA,2011-03-18T00:00:00Z,SAMEA882250,ERP000165,ERS011787,24m,Viet Nam,Asia,Viet Nam,24m,Homo sapiens,2008,diseased,liver,,,,,,ERS011787,Klebsiella pneumoniae,1
ERR025651,ERR025651,ILLUMINA,SAMEA882103,geo_loc_name_country,Klebsiella pneumoniae,ILLUMINA,2011-03-18T00:00:00Z,SAMEA882103,ERP000165,311G-sc-2010-06-22-227759,311G,Viet Nam,Asia,Viet Nam,311G,Homo sapiens,2008,diseased,urine,2011-02-14T17:17:44Z,2018-03-09T09:52:30Z,SAMEA882103,Klebsiella pneumoniae,311G-sc-2010-06-22-227759,,,1
ERR025655,ERR025655,ILLUMINA,SAMEA882065,geo_loc_name_country,Klebsiella pneumoniae,ILLUMINA,2011-03-18T00:00:00Z,SAMEA882065,ERP000165,ERS012030,558m,Viet Nam,Asia,Viet Nam,558m,Homo sapiens,2009,diseased,sterile,,,,,,ERS012030,Klebsiella pneumoniae,1
ERR025462,ERR025462,ILLUMINA,SAMEA882097,geo_loc_name_country,Klebsiella pneumoniae,ILLUMINA,2011-03-18T00:00:00Z,SAMEA882097,ERP000165,59M-sc-2010-06-22-227527,59M,Viet Nam,Asia,Viet Nam,59M,Homo sapiens,2008,diseased,liver,2011-02-14T17:17:43Z,2018-03-09T09:52:28Z,SAMEA882097,Klebsiella pneumoniae,59M-sc-2010-06-22-227527,,,1
ERR025652,ERR025652,ILLUMINA,SAMEA882104,geo_loc_name_country,Klebsiella pneumoniae,ILLUMINA,2011-03-18T00:00:00Z,SAMEA882104,ERP000165,ERS012027,620m,Viet Nam,Asia,Viet Nam,620m,Homo sapiens,2009,diseased,sterile,,,,,,ERS012027,Klebsiella pneumoniae,1
ERR025679,ERR025679,ILLUMINA,SAMEA882204,geo_loc_name_country,Klebsiella pneumoniae,ILLUMINA,2011-03-18T00:00:00Z,SAMEA882204,ERP000165,09_286G-sc-2010-06-22-227523,71B,Viet Nam,Asia,Viet Nam,71B,Homo sapiens,2007,diseased,respiratory,2011-02-14T17:17:43Z,2018-03-09T09:52:28Z,SAMEA882204,Klebsiella pneumoniae,09_286G-sc-2010-06-22-227523,,,1
ERR025674,ERR025674,ILLUMINA,SAMEA882248,geo_loc_name_country,Klebsiella pneumoniae,ILLUMINA,2011-03-18T00:00:00Z,SAMEA882248,ERP000165,08_0345m-sc-2010-06-22-227518,71M,Viet Nam,Asia,Viet Nam,71M,Homo sapiens,2008,diseased,liver,2011-02-14T17:17:43Z,2018-03-09T09:52:28Z,SAMEA882248,Klebsiella pneumoniae,08_0345m-sc-2010-06-22-227518,,,1
ERR025645,ERR025645,ILLUMINA,SAMEA882064,geo_loc_name_country,Klebsiella pneumoniae,ILLUMINA,2011-03-18T00:00:00Z,SAMEA882064,ERP000165,ERS012031,805m,Viet Nam,Asia,Viet Nam,805m,Homo sapiens,2009,diseased,sterile,,,,,,ERS012031,Klebsiella pneumoniae,1
ERR025499,ERR025499,ILLUMINA,SAMEA882163,geo_loc_name_country,Klebsiella pneumoniae,ILLUMINA,2011-03-18T00:00:00Z,SAMEA882163,ERP000165,A_003_I_a_1-sc-2010-06-22-227571,A-003-I-a-1,Viet Nam,Asia,Viet Nam,A-003-I-a-1,Homo sapiens,2005,healthy,intestinal,2011-02-14T17:17:43Z,2018-03-09T09:52:28Z,SAMEA882163,Klebsiella pneumoniae,A_003_I_a_1-sc-2010-06-22-227571,,,1
ERR025489,ERR025489,ILLUMINA,SAMEA882164,geo_loc_name_country,Klebsiella pneumoniae,ILLUMINA,2011-03-18T00:00:00Z,SAMEA882164,ERP000165,B_013_I_a_2-sc-2010-06-22-227572,B-013-I-a-2,Viet Nam,Asia,Viet Nam,B-013-I-a-2,Homo sapiens,2005,healthy,intestinal,2011-02-14T17:17:44Z,2018-03-09T09:52:29Z,SAMEA882164,Klebsiella pneumoniae,B_013_I_a_2-sc-2010-06-22-227572,,,1
ERR025481,ERR025481,ILLUMINA,SAMEA882299,geo_loc_name_country,Klebsiella quasipneumoniae,ILLUMINA,2011-03-18T00:00:00Z,SAMEA882299,ERP000165,BAL073-sc-2010-06-22-227542,BAL073,Viet Nam,Asia,Viet Nam,BAL073,Homo sapiens,2009,diseased,respiratory,2011-02-14T17:17:44Z,2018-03-09T09:52:29Z,SAMEA882299,Klebsiella quasipneumoniae,BAL073-sc-2010-06-22-227542,,,1
ERR025490,ERR025490,ILLUMINA,SAMEA882056,geo_loc_name_country,Klebsiella quasipneumoniae,ILLUMINA,2011-03-18T00:00:00Z,SAMEA882056,ERP000165,ERS011840,C-017-I-a-1,Viet Nam,Asia,Viet Nam,C-017-I-a-1,Homo sapiens,2005,healthy,intestinal,,,,,,ERS011840,Klebsiella quasipneumoniae,1
ERR025491,ERR025491,ILLUMINA,SAMEA882055,geo_loc_name_country,Klebsiella pneumoniae,ILLUMINA,2011-03-18T00:00:00Z,SAMEA882055,ERP000165,D_022_I_b_1-sc-2010-06-22-227574,D-022-I-b-1,Viet Nam,Asia,Viet Nam,D-022-I-b-1,Homo sapiens,2005,healthy,intestinal,2011-02-14T17:17:43Z,2018-03-09T09:52:28Z,SAMEA882055,Klebsiella pneumoniae,D_022_I_b_1-sc-2010-06-22-227574,,,1
ERR025501,ERR025501,ILLUMINA,SAMEA882069,geo_loc_name_country,Klebsiella pneumoniae,ILLUMINA,2011-03-18T00:00:00Z,SAMEA882069,ERP000165,ERS011842,D-026-I-b-1,Viet Nam,Asia,Viet Nam,D-026-I-b-1,Homo sapiens,2005,healthy,intestinal,,,,,,ERS011842,Klebsiella pneumoniae,1
ERR025512,ERR025512,ILLUMINA,SAMEA882081,geo_loc_name_country,Klebsiella pneumoniae,ILLUMINA,2011-03-18T00:00:00Z,SAMEA882081,ERP000165,EW_20_R_MAC_1-sc-2010-06-22-227583,EW-20-R-MAC-1,Viet Nam,Asia,Viet Nam,EW-20-R-MAC-1,Homo sapiens,2006,healthy,intestinal,2011-02-14T17:17:43Z,2018-03-09T09:52:28Z,SAMEA882081,Klebsiella pneumoniae,EW_20_R_MAC_1-sc-2010-06-22-227583,,,1
ERR025511,ERR025511,ILLUMINA,SAMEA882047,geo_loc_name_country,Klebsiella pneumoniae,ILLUMINA,2011-03-18T00:00:00Z,SAMEA882047,ERP000165,EW_20_R_MAG_1-sc-2010-06-22-227582,EW-20-R-MAG-1,Viet Nam,Asia,Viet Nam,EW-20-R-MAG-1,Homo sapiens,2006,healthy,intestinal,2011-02-14T17:17:43Z,2018-03-09T09:52:29Z,SAMEA882047,Klebsiella pneumoniae,EW_20_R_MAG_1-sc-2010-06-22-227582,,,1
ERR025502,ERR025502,ILLUMINA,SAMEA882082,geo_loc_name_country,Klebsiella pneumoniae,ILLUMINA,2011-03-18T00:00:00Z,SAMEA882082,ERP000165,ERS011851,EW-29-R-MAG,Viet Nam,Asia,Viet Nam,EW-29-R-MAG,Homo sapiens,2006,healthy,intestinal,,,,,,ERS011851,Klebsiella pneumoniae,1
ERR025504,ERR025504,ILLUMINA,SAMEA882084,geo_loc_name_country,Klebsiella pneumoniae,ILLUMINA,2011-03-18T00:00:00Z,SAMEA882084,ERP000165,ERS011853,EW-44-R-MAG-1,Viet Nam,Asia,Viet Nam,EW-44-R-MAG-1,Homo sapiens,2006,healthy,intestinal,,,,,,ERS011853,Klebsiella pneumoniae,1
ERR025514,ERR025514,ILLUMINA,SAMEA882085,geo_loc_name_country,Klebsiella quasipneumoniae,ILLUMINA,2011-03-18T00:00:00Z,SAMEA882085,ERP000165,EW_60_R_MAG_2-sc-2010-06-22-227587,EW-60-R-MAG-2,Viet Nam,Asia,Viet Nam,EW-60-R-MAG-2,Homo sapiens,2006,healthy,intestinal,2011-02-14T17:17:44Z,2018-03-09T09:52:29Z,SAMEA882085,Klebsiella quasipneumoniae,EW_60_R_MAG_2-sc-2010-06-22-227587,,,1
ERR025518,ERR025518,ILLUMINA,SAMEA882086,geo_loc_name_country,Klebsiella pneumoniae,ILLUMINA,2011-03-18T00:00:00Z,SAMEA882086,ERP000165,EW_67_R_MAC-sc-2010-06-22-227588,EW-67-R-MAC,Viet Nam,Asia,Viet Nam,EW-67-R-MAC,Homo sapiens,2006,healthy,intestinal,2011-02-14T17:17:43Z,2018-03-09T09:52:29Z,SAMEA882086,Klebsiella pneumoniae,EW_67_R_MAC-sc-2010-06-22-227588,,,1
ERR025519,ERR025519,ILLUMINA,SAMEA882087,geo_loc_name_country,Klebsiella pneumoniae,ILLUMINA,2011-03-18T00:00:00Z,SAMEA882087,ERP000165,EW_68_R_MAC_1-sc-2010-06-22-227589,EW-68-R-MAC-1,Viet Nam,Asia,Viet Nam,EW-68-R-MAC-1,Homo sapiens,2006,healthy,intestinal,2011-02-14T17:17:43Z,2018-03-09T09:52:28Z,SAMEA882087,Klebsiella pneumoniae,EW_68_R_MAC_1-sc-2010-06-22-227589,,,1
ERR025520,ERR025520,ILLUMINA,SAMEA882088,geo_loc_name_country,Klebsiella pneumoniae,ILLUMINA,2011-03-18T00:00:00Z,SAMEA882088,ERP000165,ERS011857,EW-85-R-MAN,Viet Nam,Asia,Viet Nam,EW-85-R-MAN,Homo sapiens,2006,healthy,intestinal,,,,,,ERS011857,Klebsiella pneumoniae,1
ERR025557,ERR025557,ILLUMINA,SAMEA882237,geo_loc_name_country,Klebsiella pneumoniae,ILLUMINA,2011-03-18T00:00:00Z,SAMEA882237,ERP000165,K102An-sc-2010-06-22-227552,K102An,Viet Nam,Asia,Viet Nam,K102An,Homo sapiens,2004,healthy,intestinal,2011-02-14T17:17:43Z,2018-03-09T09:52:29Z,SAMEA882237,Klebsiella pneumoniae,K102An-sc-2010-06-22-227552,,,1
ERR025558,ERR025558,ILLUMINA,SAMEA882124,geo_loc_name_country,Klebsiella pneumoniae,ILLUMINA,2011-03-18T00:00:00Z,SAMEA882124,ERP000165,ERS011820,K113N,Viet Nam,Asia,Viet Nam,K113N,Homo sapiens,2004,healthy,respiratory,,,,,,ERS011820,Klebsiella pneumoniae,1
ERR025559,ERR025559,ILLUMINA,SAMEA882123,geo_loc_name_country,Klebsiella quasipneumoniae,ILLUMINA,2011-03-18T00:00:00Z,SAMEA882123,ERP000165,K215Ax-sc-2010-06-22-227554,K215Ax,Viet Nam,Asia,Viet Nam,K215Ax,Homo sapiens,2005,healthy,intestinal,2011-02-14T17:17:44Z,2018-03-09T09:52:29Z,SAMEA882123,Klebsiella quasipneumoniae,K215Ax-sc-2010-06-22-227554,,,1
ERR025485,ERR025485,ILLUMINA,SAMEA882246,geo_loc_name_country,Klebsiella pneumoniae,ILLUMINA,2011-03-18T00:00:00Z,SAMEA882246,ERP000165,K21Sp-sc-2010-06-22-227546,K21Sp,Viet Nam,Asia,Viet Nam,K21Sp,Homo sapiens,2004,healthy,respiratory,2011-02-14T17:17:43Z,2018-03-09T09:52:29Z,SAMEA882246,Klebsiella pneumoniae,K21Sp-sc-2010-06-22-227546,,,1
ERR025560,ERR025560,ILLUMINA,SAMEA882126,geo_loc_name_country,Klebsiella quasipneumoniae,ILLUMINA,2011-03-18T00:00:00Z,SAMEA882126,ERP000165,ERS011822,K222Ca,Viet Nam,Asia,Viet Nam,K222Ca,Homo sapiens,2005,healthy,,,,,,,ERS011822,Klebsiella quasipneumoniae,1
ERR025561,ERR025561,ILLUMINA,SAMEA882125,geo_loc_name_country,Klebsiella pneumoniae,ILLUMINA,2011-03-18T00:00:00Z,SAMEA882125,ERP000165,ERS011823,K228An,Viet Nam,Asia,Viet Nam,K228An,Homo sapiens,2005,healthy,intestinal,,,,,,ERS011823,Klebsiella pneumoniae,1
ERR025564,ERR025564,ILLUMINA,SAMEA882122,geo_loc_name_country,Klebsiella pneumoniae,ILLUMINA,2011-03-18T00:00:00Z,SAMEA882122,ERP000165,K242An-sc-2010-06-22-227559,K242An,Viet Nam,Asia,Viet Nam,K242An,Homo sapiens,2005,healthy,intestinal,2011-02-14T17:17:43Z,2018-03-09T09:52:28Z,SAMEA882122,Klebsiella pneumoniae,K242An-sc-2010-06-22-227559,,,1
ERR025554,ERR025554,ILLUMINA,SAMEA882121,geo_loc_name_country,Klebsiella pneumoniae,ILLUMINA,2011-03-18T00:00:00Z,SAMEA882121,ERP000165,ERS011827,K261An,Viet Nam,Asia,Viet Nam,K261An,Homo sapiens,2005,healthy,intestinal,,,,,,ERS011827,Klebsiella pneumoniae,1
ERR025555,ERR025555,ILLUMINA,SAMEA882136,geo_loc_name_country,Klebsiella pneumoniae,ILLUMINA,2011-03-18T00:00:00Z,SAMEA882136,ERP000165,ERS011828,K262N,Viet Nam,Asia,Viet Nam,K262N,Homo sapiens,2005,healthy,respiratory,,,,,,ERS011828,Klebsiella pneumoniae,1
ERR025556,ERR025556,ILLUMINA,SAMEA882285,geo_loc_name_country,Klebsiella quasipneumoniae,ILLUMINA,2011-03-18T00:00:00Z,SAMEA882285,ERP000165,K263An-sc-2010-06-22-227562,K263An,Viet Nam,Asia,Viet Nam,K263An,Homo sapiens,2005,healthy,intestinal,2011-02-14T17:17:43Z,2018-03-09T09:52:28Z,SAMEA882285,Klebsiella quasipneumoniae,K263An-sc-2010-06-22-227562,,,1
ERR025488,ERR025488,ILLUMINA,SAMEA882159,geo_loc_name_country,Klebsiella quasipneumoniae,ILLUMINA,2011-03-18T00:00:00Z,SAMEA882159,ERP000165,ERS011830,K268An,Viet Nam,Asia,Viet Nam,K268An,Homo sapiens,2005,healthy,intestinal,,,,,,ERS011830,Klebsiella quasipneumoniae,1
ERR025494,ERR025494,ILLUMINA,SAMEA882158,geo_loc_name_country,Klebsiella pneumoniae,ILLUMINA,2011-03-18T00:00:00Z,SAMEA882158,ERP000165,ERS011833,K280N,Viet Nam,Asia,Viet Nam,K280N,Homo sapiens,2005,healthy,respiratory,,,,,,ERS011833,Klebsiella pneumoniae,1
ERR025495,ERR025495,ILLUMINA,SAMEA882155,geo_loc_name_country,Klebsiella pneumoniae,ILLUMINA,2011-03-18T00:00:00Z,SAMEA882155,ERP000165,K282Ax-sc-2010-06-22-227567,K282Ax,Viet Nam,Asia,Viet Nam,K282Ax,Homo sapiens,2005,healthy,intestinal,2011-02-14T17:17:43Z,2018-03-09T09:52:29Z,SAMEA882155,Klebsiella pneumoniae,K282Ax-sc-2010-06-22-227567,,,1
ERR025496,ERR025496,ILLUMINA,SAMEA882156,geo_loc_name_country,Klebsiella pneumoniae,ILLUMINA,2011-03-18T00:00:00Z,SAMEA882156,ERP000165,ERS011835,K290N,Viet Nam,Asia,Viet Nam,K290N,Homo sapiens,2005,healthy,respiratory,,,,,,ERS011835,Klebsiella pneumoniae,1
ERR025497,ERR025497,ILLUMINA,SAMEA882153,geo_loc_name_country,Klebsiella pneumoniae,ILLUMINA,2011-03-18T00:00:00Z,SAMEA882153,ERP000165,K296N-sc-2010-06-22-227569,K296N,Viet Nam,Asia,Viet Nam,K296N,Homo sapiens,2005,healthy,respiratory,2011-02-14T17:17:44Z,2018-03-09T09:52:29Z,SAMEA882153,Klebsiella pneumoniae,K296N-sc-2010-06-22-227569,,,1
ERR025498,ERR025498,ILLUMINA,SAMEA882154,geo_loc_name_country,Klebsiella pneumoniae,ILLUMINA,2011-03-18T00:00:00Z,SAMEA882154,ERP000165,ERS011837,K307An,Viet Nam,Asia,Viet Nam,K307An,Homo sapiens,2005,healthy,intestinal,,,,,,ERS011837,Klebsiella pneumoniae,1
ERR025486,ERR025486,ILLUMINA,SAMEA882217,geo_loc_name_country,Klebsiella pneumoniae,ILLUMINA,2011-03-18T00:00:00Z,SAMEA882217,ERP000165,ERS011814,K35N,Viet Nam,Asia,Viet Nam,K35N,Homo sapiens,2004,healthy,respiratory,,,,,,ERS011814,Klebsiella pneumoniae,1
ERR025476,ERR025476,ILLUMINA,SAMEA882240,geo_loc_name_country,Klebsiella quasipneumoniae,ILLUMINA,2011-03-18T00:00:00Z,SAMEA882240,ERP000165,K38An-sc-2010-06-22-227548,K38An,Viet Nam,Asia,Viet Nam,K38An,Homo sapiens,2004,healthy,intestinal,2011-02-14T17:17:44Z,2018-03-09T09:52:29Z,SAMEA882240,Klebsiella quasipneumoniae,K38An-sc-2010-06-22-227548,,,1
ERR025477,ERR025477,ILLUMINA,SAMEA882241,geo_loc_name_country,Klebsiella pneumoniae,ILLUMINA,2011-03-18T00:00:00Z,SAMEA882241,ERP000165,K53N-sc-2010-06-22-227549,K53N,Viet Nam,Asia,Viet Nam,K53N,Homo sapiens,2004,healthy,respiratory,2011-02-14T17:17:43Z,2018-03-09T09:52:29Z,SAMEA882241,Klebsiella pneumoniae,K53N-sc-2010-06-22-227549,,,1
ERR025478,ERR025478,ILLUMINA,SAMEA882242,geo_loc_name_country,Klebsiella pneumoniae,ILLUMINA,2011-03-18T00:00:00Z,SAMEA882242,ERP000165,ERS011817,K77An,Viet Nam,Asia,Viet Nam,K77An,Homo sapiens,2004,healthy,intestinal,,,,,,ERS011817,Klebsiella pneumoniae,1
ERR025553,ERR025553,ILLUMINA,SAMEA882236,geo_loc_name_country,Klebsiella pneumoniae,ILLUMINA,2011-03-18T00:00:00Z,SAMEA882236,ERP000165,ERS011818,K86N,Viet Nam,Asia,Viet Nam,K86N,Homo sapiens,2004,healthy,respiratory,,,,,,ERS011818,Klebsiella pneumoniae,1
ERR025479,ERR025479,ILLUMINA,SAMEA882197,geo_loc_name_country,Klebsiella pneumoniae,ILLUMINA,2011-03-18T00:00:00Z,SAMEA882197,ERP000165,ERS011807,NCSR101,Viet Nam,Asia,Viet Nam,NCSR101,Homo sapiens,2007,diseased,respiratory,,,,,,ERS011807,Klebsiella pneumoniae,1
ERR025480,ERR025480,ILLUMINA,SAMEA882191,geo_loc_name_country,Klebsiella quasipneumoniae,ILLUMINA,2011-03-18T00:00:00Z,SAMEA882191,ERP000165,NCSR130-sc-2010-06-22-227541,NCSR130,Viet Nam,Asia,Viet Nam,NCSR130,Homo sapiens,2007,diseased,respiratory,2011-02-14T17:17:43Z,2018-03-09T09:52:28Z,SAMEA882191,Klebsiella quasipneumoniae,NCSR130-sc-2010-06-22-227541,,,1
ERR025475,ERR025475,ILLUMINA,SAMEA882198,geo_loc_name_country,Klebsiella pneumoniae,ILLUMINA,2011-03-18T00:00:00Z,SAMEA882198,ERP000165,UV1172-sc-2010-06-22-227539,UV1172,Viet Nam,Asia,Viet Nam,UV1172,Homo sapiens,2004,diseased,respiratory,2011-02-14T17:17:44Z,2018-03-09T09:52:29Z,SAMEA882198,Klebsiella pneumoniae,UV1172-sc-2010-06-22-227539,,,1
ERR025482,ERR025482,ILLUMINA,SAMEA882243,geo_loc_name_country,Klebsiella pneumoniae,ILLUMINA,2011-03-18T00:00:00Z,SAMEA882243,ERP000165,UV1625-sc-2010-06-22-227543,UV1625,Viet Nam,Asia,Viet Nam,UV1625,Homo sapiens,2007,diseased,respiratory,2011-02-14T17:17:43Z,2018-03-09T09:52:29Z,SAMEA882243,Klebsiella pneumoniae,UV1625-sc-2010-06-22-227543,,,1
ERR025483,ERR025483,ILLUMINA,SAMEA882244,geo_loc_name_country,Klebsiella pneumoniae,ILLUMINA,2011-03-18T00:00:00Z,SAMEA882244,ERP000165,UV1714-sc-2010-06-22-227544,UV1714,Viet Nam,Asia,Viet Nam,UV1714,Homo sapiens,2007,diseased,respiratory,2011-02-14T17:17:43Z,2018-03-09T09:52:28Z,SAMEA882244,Klebsiella pneumoniae,UV1714-sc-2010-06-22-227544,,,1
ERR025465,ERR025465,ILLUMINA,SAMEA882199,geo_loc_name_country,Klebsiella pneumoniae,ILLUMINA,2011-03-18T00:00:00Z,SAMEA882199,ERP000165,ERS011805,UV937,Viet Nam,Asia,Viet Nam,UV937,Homo sapiens,2003,diseased,respiratory,,,,,,ERS011805,Klebsiella pneumoniae,1
